2026-02-24 07:01:33,340 - Knowledge - INFO - Created shared MongoDB connection pool
2026-02-24 07:01:33,683 - Knowledge - INFO - Starting Knowledge Graph processing with 20 threads
2026-02-24 07:01:33,887 - Knowledge - INFO - Initial configuration: chunk_size=65536, max_cache_size=500
2026-02-24 07:01:34,084 - Knowledge - INFO - Knowledge Graph concurrency configuration: workers=20, max_batch_size=10, max_concurrent_llm_calls=50
2026-02-24 07:01:35,804 - Knowledge - INFO - 🔍 _load_persisted_knowledge called - checking for Redis optimization
2026-02-24 07:01:36,018 - Knowledge - WARNING - ❌ load_from_redis method not found - Redis support not attached
2026-02-24 07:01:36,175 - Knowledge - INFO - load persisted knowledge: begin
2026-02-24 07:01:36,375 - Knowledge - INFO - Loaded 0 files from persisted knowledge
2026-02-24 07:01:36,576 - Knowledge - INFO - load persisted knowledge: end
2026-02-24 07:01:36,776 - Knowledge - WARNING - No persisted knowledge found. Files will be queued during start()
2026-02-24 07:01:36,960 - Knowledge - INFO - Redis support added with prefix knowledge:b8539ai:
2026-02-24 07:01:37,704 - Knowledge - INFO - Starting knowledge initialization for ID: xpais1-b8539ai
2026-02-24 07:01:37,889 - Knowledge - INFO - 🔍 Checking Redis for build_id: b8539ai
2026-02-24 07:01:38,081 - Knowledge - INFO - 🔍 Full session ID: xpais1-b8539ai
2026-02-24 07:01:38,254 - Knowledge - INFO - 🔍 Redis prefix will be: knowledge:b8539ai:
2026-02-24 07:01:38,442 - Knowledge - INFO - 🔍 Using attached load_from_redis() method
2026-02-24 07:01:38,637 - Knowledge - INFO - 🔍 Attempting to load knowledge from Redis...
2026-02-24 07:01:38,861 - Knowledge - INFO - 🔍 Using derived instance_id for Redis lookup: b8539ai
2026-02-24 07:01:39,083 - Knowledge - WARNING - ❌ No Redis cache found
2026-02-24 07:01:39,267 - Knowledge - INFO - 📁 Loading knowledge from disk...
2026-02-24 07:01:39,488 - Knowledge - INFO - load persisted docinfo: begin
2026-02-24 07:01:39,664 - Knowledge - INFO - load persisted docinfo: end
2026-02-24 07:01:39,854 - Knowledge - INFO - 🔍 _load_persisted_knowledge called - checking for Redis optimization
2026-02-24 07:01:40,014 - Knowledge - INFO - ✅ load_from_redis method found - attempting Redis load
2026-02-24 07:01:40,186 - Knowledge - INFO - 🔍 Attempting to load knowledge from Redis...
2026-02-24 07:01:40,356 - Knowledge - INFO - 🔍 Using derived instance_id for Redis lookup: b8539ai
2026-02-24 07:01:40,541 - Knowledge - WARNING - ❌ No Redis cache found
2026-02-24 07:01:40,719 - Knowledge - INFO - ❌ Redis load returned False - falling back to file loading
2026-02-24 07:01:40,925 - Knowledge - INFO - load persisted knowledge: begin
2026-02-24 07:01:41,111 - Knowledge - INFO - Loaded 0 files from persisted knowledge
2026-02-24 07:01:41,274 - Knowledge - INFO - load persisted knowledge: end
2026-02-24 07:01:41,472 - Knowledge - INFO - 📁 Disk load complete in 2.04s
2026-02-24 07:01:41,668 - Knowledge - INFO - Populating ingest queue with source files...
2026-02-24 07:01:42,261 - Knowledge - INFO - Added 411 files from /app/data/T0031/42903/b8539ai/LMSdt3-42903 to ingest queue
2026-02-24 07:01:42,474 - Knowledge - INFO - [WEBSOCKET] Sent: Type=progress_update, Size: 160, Duration: 0ms
2026-02-24 07:01:42,694 - Knowledge - INFO - Worker kw1 created using shared MongoDB connection pool
2026-02-24 07:01:42,893 - Knowledge - INFO - knowledge worker kw1 start
2026-02-24 07:01:42,899 - Knowledge - INFO - Worker kw2 created using shared MongoDB connection pool
2026-02-24 07:01:43,077 - Knowledge - INFO - [kw1] Queue=411, InProgress=0, PendingWorkers=0/1, Completed=0/411 (0.0%)
2026-02-24 07:01:43,174 - Knowledge - INFO - knowledge worker kw2 start
2026-02-24 07:01:43,175 - Knowledge - INFO - Worker kw3 created using shared MongoDB connection pool
2026-02-24 07:01:43,316 - Knowledge - INFO - Batch sizing: calculated=6, max_allowed=10, queue=411, active_workers=0/2
2026-02-24 07:01:43,436 - Knowledge - INFO - [kw2] Queue=411, InProgress=0, PendingWorkers=0/2, Completed=0/411 (0.0%)
2026-02-24 07:01:43,522 - Knowledge - INFO - knowledge worker kw3 start
2026-02-24 07:01:43,522 - Knowledge - INFO - Worker kw4 created using shared MongoDB connection pool
2026-02-24 07:01:43,614 - Knowledge - INFO - Worker kw1 processing /app/data/T0031/42903/b8539ai/LMSdt3-42903/HYDRATION_ERROR_FIX.md
2026-02-24 07:01:43,700 - Knowledge - INFO - Batch sizing: calculated=6, max_allowed=10, queue=411, active_workers=1/3
2026-02-24 07:01:43,825 - Knowledge - INFO - [kw3] Queue=405, InProgress=0, PendingWorkers=1/3, Completed=0/411 (0.0%)
2026-02-24 07:01:43,947 - Knowledge - INFO - knowledge worker kw4 start
2026-02-24 07:01:43,950 - Knowledge - INFO - Worker kw5 created using shared MongoDB connection pool
2026-02-24 07:01:44,076 - Knowledge - INFO - Fast-tracked /app/data/T0031/42903/b8539ai/LMSdt3-42903/HYDRATION_ERROR_FIX.md (ext=.md, size=2093)
2026-02-24 07:01:44,164 - Knowledge - INFO - Worker kw2 processing /app/data/T0031/42903/b8539ai/LMSdt3-42903/version_keerthana/data/progressData.ts
2026-02-24 07:01:44,262 - Knowledge - INFO - Batch sizing: calculated=6, max_allowed=10, queue=405, active_workers=2/4
2026-02-24 07:01:44,341 - Knowledge - INFO - [kw4] Queue=399, InProgress=0, PendingWorkers=2/4, Completed=0/411 (0.0%)
2026-02-24 07:01:44,441 - Knowledge - INFO - knowledge worker kw5 start
2026-02-24 07:01:44,442 - Knowledge - INFO - Worker kw6 created using shared MongoDB connection pool
2026-02-24 07:01:44,533 - Knowledge - INFO - Worker kw1 processing /app/data/T0031/42903/b8539ai/LMSdt3-42903/version_keerthana/INTEGRATION_GUIDE.md
2026-02-24 07:01:44,629 - Knowledge - INFO - Worker kw2 processing /app/data/T0031/42903/b8539ai/LMSdt3-42903/version_keerthana/data/instructorData.ts
2026-02-24 07:01:44,708 - Knowledge - INFO - Worker kw3 processing /app/data/T0031/42903/b8539ai/LMSdt3-42903/version_keerthana/data/learnerProgress.tsx
2026-02-24 07:01:44,782 - Knowledge - INFO - Batch sizing: calculated=6, max_allowed=10, queue=399, active_workers=3/5
2026-02-24 07:01:44,879 - Knowledge - INFO - [kw5] Queue=393, InProgress=0, PendingWorkers=3/5, Completed=0/411 (0.0%)
2026-02-24 07:01:44,972 - Knowledge - INFO - knowledge worker kw6 start
2026-02-24 07:01:44,972 - Knowledge - INFO - Worker kw7 created using shared MongoDB connection pool
2026-02-24 07:01:45,053 - Knowledge - INFO - Fast-tracked /app/data/T0031/42903/b8539ai/LMSdt3-42903/version_keerthana/INTEGRATION_GUIDE.md (ext=.md, size=9877)
2026-02-24 07:01:45,143 - Knowledge - INFO - Worker kw2 processing /app/data/T0031/42903/b8539ai/LMSdt3-42903/version_keerthana/data/learnerCourses.tsx
2026-02-24 07:01:45,265 - Knowledge - INFO - Fast-tracked /app/data/T0031/42903/b8539ai/LMSdt3-42903/version_keerthana/data/learnerProgress.tsx (ext=.tsx, size=1429)
2026-02-24 07:01:45,344 - Knowledge - INFO - Worker kw4 processing /app/data/T0031/42903/b8539ai/LMSdt3-42903/version_keerthana/components/layout/Header.tsx
2026-02-24 07:01:45,427 - Knowledge - INFO - Batch sizing: calculated=6, max_allowed=10, queue=393, active_workers=4/6
2026-02-24 07:01:45,537 - Knowledge - INFO - [kw6] Queue=387, InProgress=0, PendingWorkers=4/6, Completed=0/411 (0.0%)
2026-02-24 07:01:45,587 - Knowledge - INFO - knowledge worker kw7 start
2026-02-24 07:01:45,589 - Knowledge - INFO - Worker kw8 created using shared MongoDB connection pool
2026-02-24 07:01:45,716 - Knowledge - INFO - Worker kw1 processing /app/data/T0031/42903/b8539ai/LMSdt3-42903/version_keerthana/package.json
2026-02-24 07:01:45,830 - Knowledge - INFO - Fast-tracked /app/data/T0031/42903/b8539ai/LMSdt3-42903/version_keerthana/data/learnerCourses.tsx (ext=.tsx, size=586)
2026-02-24 07:01:45,923 - Knowledge - INFO - Worker kw3 processing /app/data/T0031/42903/b8539ai/LMSdt3-42903/version_keerthana/components/media/FileUploadButton.tsx
2026-02-24 07:01:46,018 - Knowledge - INFO - Worker kw4 processing /app/data/T0031/42903/b8539ai/LMSdt3-42903/version_keerthana/components/providers/SessionProvider.tsx
2026-02-24 07:01:46,123 - Knowledge - INFO - Worker kw5 processing /app/data/T0031/42903/b8539ai/LMSdt3-42903/version_keerthana/components/learner/LearningProgressSummary.tsx
2026-02-24 07:01:46,204 - Knowledge - INFO - Batch sizing: calculated=6, max_allowed=10, queue=387, active_workers=5/7
2026-02-24 07:01:46,316 - Knowledge - INFO - [kw7] Queue=381, InProgress=0, PendingWorkers=5/7, Completed=0/411 (0.0%)
2026-02-24 07:01:46,438 - Knowledge - INFO - knowledge worker kw8 start
2026-02-24 07:01:46,439 - Knowledge - INFO - Worker kw9 created using shared MongoDB connection pool
2026-02-24 07:01:46,540 - Knowledge - INFO - Fast-tracked /app/data/T0031/42903/b8539ai/LMSdt3-42903/version_keerthana/package.json (ext=.json, size=812)
2026-02-24 07:01:46,609 - Knowledge - INFO - Worker kw2 processing /app/data/T0031/42903/b8539ai/LMSdt3-42903/version_keerthana/data/canonicalCourses.ts
2026-02-24 07:01:46,740 - Knowledge - INFO - Worker kw3 processing /app/data/T0031/42903/b8539ai/LMSdt3-42903/version_keerthana/components/media/VideoPlayer.tsx
2026-02-24 07:01:46,816 - Knowledge - INFO - Fast-tracked /app/data/T0031/42903/b8539ai/LMSdt3-42903/version_keerthana/components/providers/SessionProvider.tsx (ext=.tsx, size=940)
2026-02-24 07:01:46,888 - Knowledge - INFO - Worker kw5 processing /app/data/T0031/42903/b8539ai/LMSdt3-42903/version_keerthana/components/learner/ProgressIntegrationCard.tsx
2026-02-24 07:01:46,966 - Knowledge - INFO - Worker kw6 processing /app/data/T0031/42903/b8539ai/LMSdt3-42903/version_keerthana/components/learner/dashboard/SkillDistributionRing.tsx
2026-02-24 07:01:47,043 - Knowledge - INFO - Batch sizing: calculated=6, max_allowed=10, queue=381, active_workers=6/8
2026-02-24 07:01:47,167 - Knowledge - INFO - [kw8] Queue=375, InProgress=0, PendingWorkers=6/8, Completed=0/411 (0.0%)
2026-02-24 07:01:47,260 - Knowledge - INFO - knowledge worker kw9 start
2026-02-24 07:01:47,263 - Knowledge - INFO - Worker kw10 created using shared MongoDB connection pool
2026-02-24 07:01:47,351 - Knowledge - INFO - Worker kw1 processing /app/data/T0031/42903/b8539ai/LMSdt3-42903/version_keerthana/RUN_APP.md
2026-02-24 07:01:47,468 - Knowledge - INFO - Worker kw2 processing /app/data/T0031/42903/b8539ai/LMSdt3-42903/version_keerthana/data/assignments.ts
2026-02-24 07:01:47,552 - Knowledge - INFO - Worker kw3 processing /app/data/T0031/42903/b8539ai/LMSdt3-42903/version_keerthana/components/dashboard/RoleBasedSidebar.tsx
2026-02-24 07:01:47,701 - Knowledge - INFO - Worker kw4 processing /app/data/T0031/42903/b8539ai/LMSdt3-42903/version_keerthana/components/global/AIChatWidget.tsx
2026-02-24 07:01:47,778 - Knowledge - INFO - Fast-tracked /app/data/T0031/42903/b8539ai/LMSdt3-42903/version_keerthana/components/learner/ProgressIntegrationCard.tsx (ext=.tsx, size=1508)
2026-02-24 07:01:47,908 - Knowledge - INFO - Worker kw6 processing /app/data/T0031/42903/b8539ai/LMSdt3-42903/version_keerthana/components/learner/dashboard/WelcomeHeader.tsx
2026-02-24 07:01:47,994 - Knowledge - INFO - Worker kw7 processing /app/data/T0031/42903/b8539ai/LMSdt3-42903/version_keerthana/components/learner/dashboard/ContinueLearningSection.tsx
2026-02-24 07:01:48,128 - Knowledge - INFO - Batch sizing: calculated=6, max_allowed=10, queue=375, active_workers=7/9
2026-02-24 07:01:48,217 - Knowledge - INFO - [kw9] Queue=369, InProgress=0, PendingWorkers=7/9, Completed=0/411 (0.0%)
2026-02-24 07:01:48,332 - Knowledge - INFO - knowledge worker kw10 start
2026-02-24 07:01:48,332 - Knowledge - INFO - Worker kw11 created using shared MongoDB connection pool
2026-02-24 07:01:48,427 - Knowledge - INFO - Fast-tracked /app/data/T0031/42903/b8539ai/LMSdt3-42903/version_keerthana/RUN_APP.md (ext=.md, size=1314)
2026-02-24 07:01:48,525 - Knowledge - INFO - Worker kw2 processing /app/data/T0031/42903/b8539ai/LMSdt3-42903/version_keerthana/data/learningPaths.ts
2026-02-24 07:01:48,646 - Knowledge - INFO - Fast-tracked /app/data/T0031/42903/b8539ai/LMSdt3-42903/version_keerthana/components/dashboard/RoleBasedSidebar.tsx (ext=.tsx, size=1348)
2026-02-24 07:01:48,726 - Knowledge - INFO - Worker kw4 processing /app/data/T0031/42903/b8539ai/LMSdt3-42903/version_keerthana/components/learner/LearnerSidebar.tsx
2026-02-24 07:01:48,845 - Knowledge - INFO - Worker kw5 processing /app/data/T0031/42903/b8539ai/LMSdt3-42903/version_keerthana/components/learner/AssignmentListing.tsx
2026-02-24 07:01:48,953 - Knowledge - INFO - Fast-tracked /app/data/T0031/42903/b8539ai/LMSdt3-42903/version_keerthana/components/learner/dashboard/WelcomeHeader.tsx (ext=.tsx, size=845)
2026-02-24 07:01:49,030 - Knowledge - INFO - Worker kw7 processing /app/data/T0031/42903/b8539ai/LMSdt3-42903/version_keerthana/components/learner/CourseCard.tsx
2026-02-24 07:01:49,110 - Knowledge - INFO - Worker kw8 processing /app/data/T0031/42903/b8539ai/LMSdt3-42903/version_keerthana/components/learner/AssignmentSubmission.tsx
2026-02-24 07:01:49,193 - Knowledge - INFO - Batch sizing: calculated=6, max_allowed=10, queue=369, active_workers=8/10
2026-02-24 07:01:49,302 - Knowledge - INFO - [kw10] Queue=363, InProgress=0, PendingWorkers=8/10, Completed=0/411 (0.0%)
2026-02-24 07:01:49,418 - Knowledge - INFO - knowledge worker kw11 start
2026-02-24 07:01:49,418 - Knowledge - INFO - Worker kw12 created using shared MongoDB connection pool
2026-02-24 07:01:49,504 - Knowledge - INFO - Worker kw1 processing /app/data/T0031/42903/b8539ai/LMSdt3-42903/version_keerthana/data/quizData.ts
2026-02-24 07:01:49,665 - Knowledge - INFO - Worker kw3 processing /app/data/T0031/42903/b8539ai/LMSdt3-42903/version_keerthana/components/dashboard/DashboardWelcome.tsx
2026-02-24 07:01:49,747 - Knowledge - INFO - Worker kw4 processing /app/data/T0031/42903/b8539ai/LMSdt3-42903/version_keerthana/components/learner/AssignmentCard.tsx
2026-02-24 07:01:49,858 - Knowledge - INFO - Fast-tracked /app/data/T0031/42903/b8539ai/LMSdt3-42903/version_keerthana/components/learner/AssignmentListing.tsx (ext=.tsx, size=1359)
2026-02-24 07:01:49,932 - Knowledge - INFO - Worker kw6 processing /app/data/T0031/42903/b8539ai/LMSdt3-42903/version_keerthana/components/learner/dashboard/UpcomingTasksSection.tsx
2026-02-24 07:01:50,011 - Knowledge - INFO - Fast-tracked /app/data/T0031/42903/b8539ai/LMSdt3-42903/version_keerthana/components/learner/CourseCard.tsx (ext=.tsx, size=1534)
2026-02-24 07:01:50,089 - Knowledge - INFO - Worker kw8 processing /app/data/T0031/42903/b8539ai/LMSdt3-42903/version_keerthana/components/learner/CourseListRow.tsx
2026-02-24 07:01:50,177 - Knowledge - INFO - Worker kw9 processing /app/data/T0031/42903/b8539ai/LMSdt3-42903/version_keerthana/components/learner/AIRoadmapView.tsx
2026-02-24 07:01:50,280 - Knowledge - INFO - Batch sizing: calculated=6, max_allowed=10, queue=363, active_workers=9/11
2026-02-24 07:01:50,364 - Knowledge - INFO - [kw11] Queue=357, InProgress=0, PendingWorkers=9/11, Completed=0/411 (0.0%)
2026-02-24 07:01:50,477 - Knowledge - INFO - knowledge worker kw12 start
2026-02-24 07:01:50,477 - Knowledge - INFO - Worker kw13 created using shared MongoDB connection pool
2026-02-24 07:01:50,570 - Knowledge - INFO - Worker kw1 processing /app/data/T0031/42903/b8539ai/LMSdt3-42903/version_keerthana/data/adminData.ts
2026-02-24 07:01:50,648 - Knowledge - INFO - Fast-tracked /app/data/T0031/42903/b8539ai/LMSdt3-42903/version_keerthana/components/dashboard/DashboardWelcome.tsx (ext=.tsx, size=1263)
2026-02-24 07:01:50,739 - Knowledge - INFO - Worker kw4 processing /app/data/T0031/42903/b8539ai/LMSdt3-42903/version_keerthana/components/learner/ProgressSummary.tsx
2026-02-24 07:01:50,815 - Knowledge - INFO - Worker kw5 processing /app/data/T0031/42903/b8539ai/LMSdt3-42903/version_keerthana/components/learner/PathProgressHeader.tsx
2026-02-24 07:01:50,919 - Knowledge - INFO - Fast-tracked /app/data/T0031/42903/b8539ai/LMSdt3-42903/version_keerthana/components/learner/dashboard/UpcomingTasksSection.tsx (ext=.tsx, size=1816)
2026-02-24 07:01:50,994 - Knowledge - INFO - Worker kw7 processing /app/data/T0031/42903/b8539ai/LMSdt3-42903/version_keerthana/components/learner/AssignmentDetailContent.tsx
2026-02-24 07:01:51,080 - Knowledge - INFO - Fast-tracked /app/data/T0031/42903/b8539ai/LMSdt3-42903/version_keerthana/components/learner/CourseListRow.tsx (ext=.tsx, size=483)
2026-02-24 07:01:51,170 - Knowledge - INFO - Worker kw9 processing /app/data/T0031/42903/b8539ai/LMSdt3-42903/version_keerthana/components/learner/SkillRadar.tsx
2026-02-24 07:01:51,241 - Knowledge - INFO - Worker kw10 processing /app/data/T0031/42903/b8539ai/LMSdt3-42903/version_keerthana/components/learner/AssignmentTable.tsx
2026-02-24 07:01:51,340 - Knowledge - INFO - Batch sizing: calculated=6, max_allowed=10, queue=357, active_workers=10/12
2026-02-24 07:01:51,412 - Knowledge - INFO - [kw12] Queue=351, InProgress=0, PendingWorkers=10/12, Completed=0/411 (0.0%)
2026-02-24 07:01:51,534 - Knowledge - INFO - Worker kw14 created using shared MongoDB connection pool
2026-02-24 07:01:51,533 - Knowledge - INFO - knowledge worker kw13 start
2026-02-24 07:01:51,751 - Knowledge - INFO - Worker kw3 processing /app/data/T0031/42903/b8539ai/LMSdt3-42903/version_keerthana/components/notifications/NotificationBell.tsx
2026-02-24 07:01:51,838 - Knowledge - INFO - Fast-tracked /app/data/T0031/42903/b8539ai/LMSdt3-42903/version_keerthana/components/learner/ProgressSummary.tsx (ext=.tsx, size=1686)
2026-02-24 07:01:51,917 - Knowledge - INFO - Fast-tracked /app/data/T0031/42903/b8539ai/LMSdt3-42903/version_keerthana/components/learner/PathProgressHeader.tsx (ext=.tsx, size=1073)
2026-02-24 07:01:52,019 - Knowledge - INFO - Worker kw6 processing /app/data/T0031/42903/b8539ai/LMSdt3-42903/version_keerthana/components/learner/dashboard/LearningStatsCards.tsx
2026-02-24 07:01:52,126 - Knowledge - INFO - Worker kw7 processing /app/data/T0031/42903/b8539ai/LMSdt3-42903/version_keerthana/components/learner/PerformanceCharts.tsx
2026-02-24 07:01:52,206 - Knowledge - INFO - Worker kw8 processing /app/data/T0031/42903/b8539ai/LMSdt3-42903/version_keerthana/components/learner/ContinueLearning.tsx
2026-02-24 07:01:52,324 - Knowledge - INFO - Fast-tracked /app/data/T0031/42903/b8539ai/LMSdt3-42903/version_keerthana/components/learner/SkillRadar.tsx (ext=.tsx, size=1937)
2026-02-24 07:01:52,437 - Knowledge - INFO - Fast-tracked /app/data/T0031/42903/b8539ai/LMSdt3-42903/version_keerthana/components/learner/AssignmentTable.tsx (ext=.tsx, size=1698)
2026-02-24 07:01:52,557 - Knowledge - INFO - Worker kw11 processing /app/data/T0031/42903/b8539ai/LMSdt3-42903/version_keerthana/components/learner/quiz/QuizReviewScreen.tsx
2026-02-24 07:01:52,632 - Knowledge - INFO - Batch sizing: calculated=6, max_allowed=10, queue=351, active_workers=11/13
2026-02-24 07:01:52,715 - Knowledge - INFO - knowledge worker kw14 start
2026-02-24 07:01:52,715 - Knowledge - INFO - Worker kw15 created using shared MongoDB connection pool
2026-02-24 07:01:52,799 - Knowledge - INFO - [kw13] Queue=345, InProgress=0, PendingWorkers=11/14, Completed=0/411 (0.0%)
2026-02-24 07:01:52,903 - Knowledge - INFO - Fast-tracked /app/data/T0031/42903/b8539ai/LMSdt3-42903/version_keerthana/components/media/FileUploadButton.tsx (small file (2737 bytes))
2026-02-24 07:01:53,083 - Knowledge - INFO - Worker kw5 processing /app/data/T0031/42903/b8539ai/LMSdt3-42903/version_keerthana/components/learner/dashboard/RecentActivitySection.tsx
2026-02-24 07:01:53,179 - Knowledge - INFO - Fast-tracked /app/data/T0031/42903/b8539ai/LMSdt3-42903/version_keerthana/components/learner/dashboard/LearningStatsCards.tsx (ext=.tsx, size=1391)
2026-02-24 07:01:53,287 - Knowledge - INFO - Fast-tracked /app/data/T0031/42903/b8539ai/LMSdt3-42903/version_keerthana/components/learner/PerformanceCharts.tsx (ext=.tsx, size=1702)
2026-02-24 07:01:53,377 - Knowledge - INFO - Worker kw8 processing /app/data/T0031/42903/b8539ai/LMSdt3-42903/version_keerthana/components/learner/CourseModuleQuizModal.tsx
2026-02-24 07:01:53,449 - Knowledge - INFO - Worker kw9 processing /app/data/T0031/42903/b8539ai/LMSdt3-42903/version_keerthana/components/learner/AIMentorCard.tsx
2026-02-24 07:01:53,538 - Knowledge - INFO - Worker kw10 processing /app/data/T0031/42903/b8539ai/LMSdt3-42903/version_keerthana/components/learner/AssignmentSummaryCards.tsx
2026-02-24 07:01:53,619 - Knowledge - INFO - Worker kw11 processing /app/data/T0031/42903/b8539ai/LMSdt3-42903/version_keerthana/components/learner/quiz/QuizHistoryScreen.tsx
2026-02-24 07:01:53,700 - Knowledge - INFO - Worker kw12 processing /app/data/T0031/42903/b8539ai/LMSdt3-42903/version_keerthana/components/learner/SkillsDistributionCard.tsx
2026-02-24 07:01:53,771 - Knowledge - INFO - [kw14] Queue=339, InProgress=0, PendingWorkers=12/14, Completed=0/411 (0.0%)
2026-02-24 07:01:53,870 - Knowledge - INFO - knowledge worker kw15 start
2026-02-24 07:01:53,870 - Knowledge - INFO - Worker kw16 created using shared MongoDB connection pool
2026-02-24 07:01:53,960 - Knowledge - INFO - Batch sizing: calculated=6, max_allowed=10, queue=345, active_workers=12/15
2026-02-24 07:01:54,106 - Knowledge - INFO - Fast-tracked /app/data/T0031/42903/b8539ai/LMSdt3-42903/version_keerthana/components/media/VideoPlayer.tsx (small file (2510 bytes))
2026-02-24 07:01:54,220 - Knowledge - INFO - Worker kw5 processing /app/data/T0031/42903/b8539ai/LMSdt3-42903/version_keerthana/components/learner/dashboard/DailyStreakChart.tsx
2026-02-24 07:01:54,536 - Knowledge - INFO - Worker kw6 processing /app/data/T0031/42903/b8539ai/LMSdt3-42903/version_keerthana/components/learner/dashboard/SkillManagementCard.tsx
2026-02-24 07:01:54,626 - Knowledge - INFO - Worker kw7 processing /app/data/T0031/42903/b8539ai/LMSdt3-42903/version_keerthana/components/learner/RecommendedCourses.tsx
2026-02-24 07:01:54,705 - Knowledge - INFO - Worker kw8 processing /app/data/T0031/42903/b8539ai/LMSdt3-42903/version_keerthana/components/learner/NetflixCoursesHub.tsx
2026-02-24 07:01:54,782 - Knowledge - INFO - Fast-tracked /app/data/T0031/42903/b8539ai/LMSdt3-42903/version_keerthana/components/learner/AIMentorCard.tsx (ext=.tsx, size=1831)
2026-02-24 07:01:54,905 - Knowledge - INFO - Worker kw10 processing /app/data/T0031/42903/b8539ai/LMSdt3-42903/version_keerthana/components/learner/CourseFilterBar.tsx
2026-02-24 07:01:55,004 - Knowledge - INFO - Worker kw11 processing /app/data/T0031/42903/b8539ai/LMSdt3-42903/version_keerthana/components/learner/quiz/QuizTakingScreen.tsx
2026-02-24 07:01:55,128 - Knowledge - INFO - Worker kw12 processing /app/data/T0031/42903/b8539ai/LMSdt3-42903/version_keerthana/components/learner/Achievements.tsx
2026-02-24 07:01:55,227 - Knowledge - INFO - Batch sizing: calculated=6, max_allowed=10, queue=339, active_workers=12/15
2026-02-24 07:01:55,330 - Knowledge - INFO - [kw15] Queue=339, InProgress=0, PendingWorkers=12/15, Completed=0/411 (0.0%)
2026-02-24 07:01:55,430 - Knowledge - INFO - knowledge worker kw16 start
2026-02-24 07:01:55,430 - Knowledge - INFO - Worker kw17 created using shared MongoDB connection pool
2026-02-24 07:01:55,507 - Knowledge - INFO - Worker kw13 processing /app/data/T0031/42903/b8539ai/LMSdt3-42903/version_keerthana/components/learner/progress/SkillCompetencyProgress.tsx
2026-02-24 07:01:55,827 - Knowledge - INFO - Worker kw6 processing /app/data/T0031/42903/b8539ai/LMSdt3-42903/version_keerthana/components/learner/dashboard/ReadinessScoreRing.tsx
2026-02-24 07:01:55,938 - Knowledge - INFO - Fast-tracked /app/data/T0031/42903/b8539ai/LMSdt3-42903/version_keerthana/components/learner/RecommendedCourses.tsx (ext=.tsx, size=527)
2026-02-24 07:01:56,028 - Knowledge - INFO - Worker kw8 processing /app/data/T0031/42903/b8539ai/LMSdt3-42903/version_keerthana/components/learner/SetLearningTargetCard.tsx
2026-02-24 07:01:56,116 - Knowledge - INFO - Worker kw9 processing /app/data/T0031/42903/b8539ai/LMSdt3-42903/version_keerthana/components/learner/SkillsOverview.tsx
2026-02-24 07:01:56,194 - Knowledge - INFO - Fast-tracked /app/data/T0031/42903/b8539ai/LMSdt3-42903/version_keerthana/components/learner/CourseFilterBar.tsx (ext=.tsx, size=1161)
2026-02-24 07:01:56,280 - Knowledge - INFO - Worker kw11 processing /app/data/T0031/42903/b8539ai/LMSdt3-42903/version_keerthana/components/learner/quiz/QuizResultScreen.tsx
2026-02-24 07:01:56,375 - Knowledge - INFO - Fast-tracked /app/data/T0031/42903/b8539ai/LMSdt3-42903/version_keerthana/components/learner/Achievements.tsx (ext=.tsx, size=799)
2026-02-24 07:01:56,465 - Knowledge - INFO - Worker kw14 processing /app/data/T0031/42903/b8539ai/LMSdt3-42903/version_keerthana/components/learner/progress/NextStepsRecommendations.tsx
2026-02-24 07:01:56,554 - Knowledge - INFO - Batch sizing: calculated=6, max_allowed=10, queue=339, active_workers=14/16
2026-02-24 07:01:56,636 - Knowledge - INFO - [kw16] Queue=327, InProgress=0, PendingWorkers=14/16, Completed=0/411 (0.0%)
2026-02-24 07:01:56,750 - Knowledge - INFO - knowledge worker kw17 start
2026-02-24 07:01:56,750 - Knowledge - INFO - Worker kw18 created using shared MongoDB connection pool
2026-02-24 07:01:56,827 - Knowledge - INFO - Worker kw13 processing /app/data/T0031/42903/b8539ai/LMSdt3-42903/version_keerthana/components/learner/progress/ComplianceStatus.tsx
2026-02-24 07:01:57,036 - Knowledge - INFO - Worker kw7 processing /app/data/T0031/42903/b8539ai/LMSdt3-42903/version_keerthana/components/learner/ReadinessOverviewCard.tsx
2026-02-24 07:01:57,214 - Knowledge - INFO - Worker kw9 processing /app/data/T0031/42903/b8539ai/LMSdt3-42903/version_keerthana/components/learner/AIProgressReview.tsx
2026-02-24 07:01:57,317 - Knowledge - INFO - Worker kw10 processing /app/data/T0031/42903/b8539ai/LMSdt3-42903/version_keerthana/components/learner/AIMentorModal.tsx
2026-02-24 07:01:57,471 - Knowledge - INFO - Worker kw11 processing /app/data/T0031/42903/b8539ai/LMSdt3-42903/version_keerthana/components/learner/quiz/QuizLandingScreen.tsx
2026-02-24 07:01:57,564 - Knowledge - INFO - Worker kw12 processing /app/data/T0031/42903/b8539ai/LMSdt3-42903/version_keerthana/components/learner/TakeInstructorQuizModal.tsx
2026-02-24 07:01:57,683 - Knowledge - INFO - Worker kw14 processing /app/data/T0031/42903/b8539ai/LMSdt3-42903/version_keerthana/components/learner/progress/CourseBreakdown.tsx
2026-02-24 07:01:57,810 - Knowledge - INFO - Worker kw15 processing /app/data/T0031/42903/b8539ai/LMSdt3-42903/version_keerthana/components/learner/AssignmentStatusBadge.tsx
2026-02-24 07:01:57,900 - Knowledge - INFO - Batch sizing: calculated=6, max_allowed=10, queue=327, active_workers=15/17
2026-02-24 07:01:57,985 - Knowledge - INFO - [kw17] Queue=321, InProgress=0, PendingWorkers=15/17, Completed=0/411 (0.0%)
2026-02-24 07:01:58,094 - Knowledge - INFO - knowledge worker kw18 start
2026-02-24 07:01:58,095 - Knowledge - INFO - Worker kw19 created using shared MongoDB connection pool
2026-02-24 07:01:58,209 - Knowledge - INFO - Worker kw13 processing /app/data/T0031/42903/b8539ai/LMSdt3-42903/version_keerthana/components/learner/progress/CertificationProgress.tsx
2026-02-24 07:01:58,370 - Knowledge - INFO - Fast-tracked /app/data/T0031/42903/b8539ai/LMSdt3-42903/version_keerthana/components/learner/AIProgressReview.tsx (ext=.tsx, size=1044)
2026-02-24 07:01:58,483 - Knowledge - INFO - Worker kw10 processing /app/data/T0031/42903/b8539ai/LMSdt3-42903/version_keerthana/components/learner/AILearningPathSection.tsx
2026-02-24 07:01:58,610 - Knowledge - INFO - Worker kw11 processing /app/data/T0031/42903/b8539ai/LMSdt3-42903/version_keerthana/components/learner/quiz/QuizSubmissionModal.tsx
2026-02-24 07:01:58,699 - Knowledge - INFO - Worker kw12 processing /app/data/T0031/42903/b8539ai/LMSdt3-42903/version_keerthana/components/learner/UpcomingTasks.tsx
2026-02-24 07:01:58,786 - Knowledge - INFO - Worker kw14 processing /app/data/T0031/42903/b8539ai/LMSdt3-42903/version_keerthana/components/learner/progress/LearningPathProgress.tsx
2026-02-24 07:01:58,894 - Knowledge - INFO - Fast-tracked /app/data/T0031/42903/b8539ai/LMSdt3-42903/version_keerthana/components/learner/AssignmentStatusBadge.tsx (ext=.tsx, size=553)
2026-02-24 07:01:58,966 - Knowledge - INFO - Worker kw16 processing /app/data/T0031/42903/b8539ai/LMSdt3-42903/version_keerthana/components/learner/StatCard.tsx
2026-02-24 07:01:59,054 - Knowledge - INFO - Batch sizing: calculated=6, max_allowed=10, queue=321, active_workers=16/18
2026-02-24 07:01:59,137 - Knowledge - INFO - [kw18] Queue=315, InProgress=0, PendingWorkers=16/18, Completed=0/411 (0.0%)
2026-02-24 07:01:59,231 - Knowledge - INFO - knowledge worker kw19 start
2026-02-24 07:01:59,231 - Knowledge - INFO - Worker kw20 created using shared MongoDB connection pool
2026-02-24 07:01:59,312 - Knowledge - INFO - Worker kw13 processing /app/data/T0031/42903/b8539ai/LMSdt3-42903/version_keerthana/components/learner/progress/TimeActivitySection.tsx
2026-02-24 07:01:59,420 - Knowledge - INFO - Worker kw9 processing /app/data/T0031/42903/b8539ai/LMSdt3-42903/version_keerthana/components/learner/CompletedCourses.tsx
2026-02-24 07:01:59,445 - Knowledge - INFO - Fast-tracked /app/data/T0031/42903/b8539ai/LMSdt3-42903/version_keerthana/components/learner/dashboard/RecentActivitySection.tsx (small file (2861 bytes))
2026-02-24 07:01:59,492 - Knowledge - INFO - Worker kw10 processing /app/data/T0031/42903/b8539ai/LMSdt3-42903/version_keerthana/components/learner/quiz/QuizInstructionsModal.tsx
2026-02-24 07:01:59,664 - Knowledge - INFO - Worker kw12 processing /app/data/T0031/42903/b8539ai/LMSdt3-42903/version_keerthana/components/learner/progress/AssignmentProgressSection.tsx
2026-02-24 07:01:59,787 - Knowledge - INFO - Worker kw14 processing /app/data/T0031/42903/b8539ai/LMSdt3-42903/version_keerthana/components/learner/AIAssignmentFeedback.tsx
2026-02-24 07:01:59,915 - Knowledge - INFO - Worker kw15 processing /app/data/T0031/42903/b8539ai/LMSdt3-42903/version_keerthana/components/learner/AiQuizModal.tsx
2026-02-24 07:02:00,153 - Knowledge - INFO - Fast-tracked /app/data/T0031/42903/b8539ai/LMSdt3-42903/version_keerthana/components/learner/StatCard.tsx (ext=.tsx, size=503)
2026-02-24 07:02:00,311 - Knowledge - INFO - Worker kw17 processing /app/data/T0031/42903/b8539ai/LMSdt3-42903/version_keerthana/components/learner/ProgressCharts.tsx
2026-02-24 07:02:00,452 - Knowledge - INFO - Batch sizing: calculated=6, max_allowed=10, queue=315, active_workers=17/19
2026-02-24 07:02:00,534 - Knowledge - INFO - [kw19] Queue=309, InProgress=0, PendingWorkers=17/19, Completed=0/411 (0.0%)
2026-02-24 07:02:00,619 - Knowledge - INFO - knowledge worker kw20 start
2026-02-24 07:02:00,696 - Knowledge - INFO - Worker kw13 processing /app/data/T0031/42903/b8539ai/LMSdt3-42903/version_keerthana/components/learner/progress/ProgressOverview.tsx
2026-02-24 07:02:00,777 - Knowledge - INFO - Fast-tracked /app/data/T0031/42903/b8539ai/LMSdt3-42903/version_keerthana/components/learner/CompletedCourses.tsx (ext=.tsx, size=645)
2026-02-24 07:02:00,953 - Knowledge - INFO - Fast-tracked /app/data/T0031/42903/b8539ai/LMSdt3-42903/version_keerthana/components/learner/dashboard/DailyStreakChart.tsx (small file (3049 bytes))
2026-02-24 07:02:01,070 - Knowledge - INFO - Fast-tracked /app/data/T0031/42903/b8539ai/LMSdt3-42903/version_keerthana/components/learner/AssignmentSummaryCards.tsx (small file (2204 bytes))
2026-02-24 07:02:01,195 - Knowledge - INFO - Worker kw12 processing /app/data/T0031/42903/b8539ai/LMSdt3-42903/version_keerthana/components/learner/progress/QuizProgressSection.tsx
2026-02-24 07:02:01,287 - Knowledge - INFO - Fast-tracked /app/data/T0031/42903/b8539ai/LMSdt3-42903/version_keerthana/components/learner/AIAssignmentFeedback.tsx (ext=.tsx, size=787)
2026-02-24 07:02:01,363 - Knowledge - INFO - Worker kw15 processing /app/data/T0031/42903/b8539ai/LMSdt3-42903/version_keerthana/components/learner/QuizzesSection.tsx
2026-02-24 07:02:01,437 - Knowledge - INFO - Worker kw16 processing /app/data/T0031/42903/b8539ai/LMSdt3-42903/version_keerthana/components/learner/WelcomeCard.tsx
2026-02-24 07:02:01,540 - Knowledge - INFO - Fast-tracked /app/data/T0031/42903/b8539ai/LMSdt3-42903/version_keerthana/components/learner/ProgressCharts.tsx (ext=.tsx, size=1126)
2026-02-24 07:02:01,610 - Knowledge - INFO - Worker kw18 processing /app/data/T0031/42903/b8539ai/LMSdt3-42903/version_keerthana/components/instructor/InstructorSidebar.tsx
2026-02-24 07:02:01,705 - Knowledge - INFO - Batch sizing: calculated=6, max_allowed=10, queue=309, active_workers=18/20
2026-02-24 07:02:01,789 - Knowledge - INFO - [kw20] Queue=303, InProgress=0, PendingWorkers=18/20, Completed=0/411 (0.0%)
2026-02-24 07:02:01,900 - Knowledge - INFO - Worker kw13 processing /app/data/T0031/42903/b8539ai/LMSdt3-42903/version_keerthana/components/learner/progress/index.ts
2026-02-24 07:02:02,527 - Knowledge - INFO - Worker kw14 processing /app/data/T0031/42903/b8539ai/LMSdt3-42903/version_keerthana/components/learner/LearningPathStepper.tsx
2026-02-24 07:02:02,769 - Knowledge - INFO - Worker kw15 processing /app/data/T0031/42903/b8539ai/LMSdt3-42903/version_keerthana/components/learner/AICoachingCard.tsx
2026-02-24 07:02:02,871 - Knowledge - INFO - Fast-tracked /app/data/T0031/42903/b8539ai/LMSdt3-42903/version_keerthana/components/learner/ContinueLearning.tsx (small file (2625 bytes))
2026-02-24 07:02:02,885 - Knowledge - INFO - Worker kw16 processing /app/data/T0031/42903/b8539ai/LMSdt3-42903/version_keerthana/components/learner/CertificatesSnapshot.tsx
2026-02-24 07:02:02,976 - Knowledge - INFO - Worker kw17 processing /app/data/T0031/42903/b8539ai/LMSdt3-42903/version_keerthana/components/learner/AssignedCourses.tsx
2026-02-24 07:02:03,111 - Knowledge - INFO - Worker kw18 processing /app/data/T0031/42903/b8539ai/LMSdt3-42903/version_keerthana/components/instructor/InstructorCoTeacherModal.tsx
2026-02-24 07:02:03,196 - Knowledge - INFO - Worker kw19 processing /app/data/T0031/42903/b8539ai/LMSdt3-42903/version_keerthana/FIX_CHUNK_LOAD_ERROR.md
2026-02-24 07:02:03,305 - Knowledge - INFO - Batch sizing: calculated=6, max_allowed=10, queue=303, active_workers=19/20
2026-02-24 07:02:03,420 - Knowledge - INFO - Fast-tracked /app/data/T0031/42903/b8539ai/LMSdt3-42903/version_keerthana/components/learner/progress/index.ts (ext=.ts, size=774)
2026-02-24 07:02:03,558 - Knowledge - INFO - Worker kw14 processing /app/data/T0031/42903/b8539ai/LMSdt3-42903/version_keerthana/components/learner/LearningPathOnboarding.tsx
2026-02-24 07:02:03,695 - Knowledge - INFO - [LLM_CALL] Completed: adminData.ts:chunk1, Duration: 9676ms, PromptTokens: 4782, CompletionTokens: 481, Cost: $0.00067
2026-02-24 07:02:03,696 - Knowledge - INFO - Fast-tracked /app/data/T0031/42903/b8539ai/LMSdt3-42903/version_keerthana/components/learner/AICoachingCard.tsx (ext=.tsx, size=798)
2026-02-24 07:02:03,855 - Knowledge - INFO - Worker kw16 processing /app/data/T0031/42903/b8539ai/LMSdt3-42903/version_keerthana/components/learner/RecentActivity.tsx
2026-02-24 07:02:03,940 - Knowledge - INFO - Worker kw17 processing /app/data/T0031/42903/b8539ai/LMSdt3-42903/version_keerthana/components/learner/HappyLearningAnimation.tsx
2026-02-24 07:02:04,027 - Knowledge - INFO - Worker kw18 processing /app/data/T0031/42903/b8539ai/LMSdt3-42903/version_keerthana/components/manager/ManagerSidebar.tsx
2026-02-24 07:02:04,131 - Knowledge - INFO - Fast-tracked /app/data/T0031/42903/b8539ai/LMSdt3-42903/version_keerthana/FIX_CHUNK_LOAD_ERROR.md (ext=.md, size=1545)
2026-02-24 07:02:04,716 - Knowledge - INFO - done ingest for /app/data/T0031/42903/b8539ai/LMSdt3-42903/version_keerthana/data/adminData.ts
2026-02-24 07:02:04,734 - Knowledge - INFO - Worker kw20 processing /app/data/T0031/42903/b8539ai/LMSdt3-42903/version_keerthana/app/dashboard/learner/ai-quiz/attempts/page.tsx
2026-02-24 07:02:04,828 - Knowledge - INFO - Worker kw15 processing /app/data/T0031/42903/b8539ai/LMSdt3-42903/version_keerthana/components/learner/AssignmentTimeline.tsx
2026-02-24 07:02:04,968 - Knowledge - INFO - Worker kw16 processing /app/data/T0031/42903/b8539ai/LMSdt3-42903/version_keerthana/components/learner/CourseProgressTable.tsx
2026-02-24 07:02:05,123 - Knowledge - INFO - Worker kw17 processing /app/data/T0031/42903/b8539ai/LMSdt3-42903/version_keerthana/components/learner/AssignmentFilters.tsx
2026-02-24 07:02:05,205 - Knowledge - INFO - [LLM_CALL] Completed: NotificationBell.tsx:chunk1, Duration: 9578ms, PromptTokens: 4328, CompletionTokens: 253, Cost: $0.00053
2026-02-24 07:02:05,228 - Knowledge - INFO - Worker kw18 processing /app/data/T0031/42903/b8539ai/LMSdt3-42903/version_keerthana/components/manager/AddUserToTeamButton.tsx
2026-02-24 07:02:05,318 - Knowledge - INFO - Worker kw19 processing /app/data/T0031/42903/b8539ai/LMSdt3-42903/version_keerthana/AZURE_AD_IT_REQUEST.md
2026-02-24 07:02:05,566 - Knowledge - INFO - Worker kw20 processing /app/data/T0031/42903/b8539ai/LMSdt3-42903/version_keerthana/app/dashboard/learner/ai-quiz/attempts/[id]/page.tsx
2026-02-24 07:02:05,649 - Knowledge - INFO - Worker kw15 processing /app/data/T0031/42903/b8539ai/LMSdt3-42903/version_keerthana/components/learner/LearnerLayoutClient.tsx
2026-02-24 07:02:05,764 - Knowledge - INFO - Worker kw16 processing /app/data/T0031/42903/b8539ai/LMSdt3-42903/version_keerthana/components/learner/SidebarToggleSwitch.tsx
2026-02-24 07:02:05,847 - Knowledge - INFO - Worker kw17 processing /app/data/T0031/42903/b8539ai/LMSdt3-42903/version_keerthana/components/admin/AdminSidebar.tsx
2026-02-24 07:02:05,923 - Knowledge - INFO - done ingest for /app/data/T0031/42903/b8539ai/LMSdt3-42903/version_keerthana/components/notifications/NotificationBell.tsx
2026-02-24 07:02:05,924 - Knowledge - INFO - [LLM_CALL] Completed: LearningProgressSummary.tsx:chunk1, Duration: 10169ms, PromptTokens: 3514, CompletionTokens: 225, Cost: $0.00044
2026-02-24 07:02:06,040 - Knowledge - INFO - Worker kw18 processing /app/data/T0031/42903/b8539ai/LMSdt3-42903/version_keerthana/components/manager/ManagerPerformanceBot.tsx
2026-02-24 07:02:06,130 - Knowledge - INFO - Fast-tracked /app/data/T0031/42903/b8539ai/LMSdt3-42903/version_keerthana/AZURE_AD_IT_REQUEST.md (ext=.md, size=3371)
2026-02-24 07:02:06,209 - Knowledge - INFO - Worker kw20 processing /app/data/T0031/42903/b8539ai/LMSdt3-42903/version_keerthana/app/dashboard/learner/ai-quiz/page.tsx
2026-02-24 07:02:06,331 - Knowledge - INFO - Fast-tracked /app/data/T0031/42903/b8539ai/LMSdt3-42903/version_keerthana/components/learner/LearnerLayoutClient.tsx (ext=.tsx, size=805)
2026-02-24 07:02:06,419 - Knowledge - INFO - Fast-tracked /app/data/T0031/42903/b8539ai/LMSdt3-42903/version_keerthana/components/learner/WelcomeCard.tsx (small file (2124 bytes))
2026-02-24 07:02:06,511 - Knowledge - INFO - Worker kw17 processing /app/data/T0031/42903/b8539ai/LMSdt3-42903/version_keerthana/components/admin/AdminSystemArchitectBot.tsx
2026-02-24 07:02:06,692 - Knowledge - INFO - done ingest for /app/data/T0031/42903/b8539ai/LMSdt3-42903/version_keerthana/components/learner/LearningProgressSummary.tsx
2026-02-24 07:02:06,715 - Knowledge - INFO - [LLM_CALL] Completed: quizData.ts:chunk1, Duration: 15056ms, PromptTokens: 3746, CompletionTokens: 296, Cost: $0.00049
2026-02-24 07:02:06,859 - Knowledge - INFO - Worker kw18 processing /app/data/T0031/42903/b8539ai/LMSdt3-42903/version_keerthana/components/shared/RoleHeader.tsx
2026-02-24 07:02:07,047 - Knowledge - INFO - Worker kw19 processing /app/data/T0031/42903/b8539ai/LMSdt3-42903/version_keerthana/postcss.config.js
2026-02-24 07:02:07,184 - Knowledge - INFO - Worker kw20 processing /app/data/T0031/42903/b8539ai/LMSdt3-42903/version_keerthana/app/dashboard/learner/courses/[pathId]/page.tsx
2026-02-24 07:02:07,357 - Knowledge - INFO - Fast-tracked /app/data/T0031/42903/b8539ai/LMSdt3-42903/version_keerthana/components/learner/CertificatesSnapshot.tsx (small file (2269 bytes))
2026-02-24 07:02:07,449 - Knowledge - INFO - Fast-tracked /app/data/T0031/42903/b8539ai/LMSdt3-42903/version_keerthana/components/learner/AssignedCourses.tsx (small file (2809 bytes))
2026-02-24 07:02:07,646 - Knowledge - INFO - done ingest for /app/data/T0031/42903/b8539ai/LMSdt3-42903/version_keerthana/data/quizData.ts
2026-02-24 07:02:07,650 - Knowledge - INFO - [LLM_CALL] Completed: assignments.ts:chunk1, Duration: 15176ms, PromptTokens: 5564, CompletionTokens: 162, Cost: $0.00062
2026-02-24 07:02:07,722 - Knowledge - INFO - Fast-tracked /app/data/T0031/42903/b8539ai/LMSdt3-42903/version_keerthana/components/shared/RoleHeader.tsx (ext=.tsx, size=1655)
2026-02-24 07:02:07,811 - Knowledge - INFO - Fast-tracked /app/data/T0031/42903/b8539ai/LMSdt3-42903/version_keerthana/postcss.config.js (ext=.js, size=83)
2026-02-24 07:02:07,897 - Knowledge - INFO - Worker kw20 processing /app/data/T0031/42903/b8539ai/LMSdt3-42903/version_keerthana/app/dashboard/learner/courses/[pathId]/[courseId]/CourseDetailClient.tsx
2026-02-24 07:02:08,108 - Knowledge - INFO - Fast-tracked /app/data/T0031/42903/b8539ai/LMSdt3-42903/version_keerthana/components/learner/HappyLearningAnimation.tsx (small file (2045 bytes))
2026-02-24 07:02:08,314 - Knowledge - INFO - done ingest for /app/data/T0031/42903/b8539ai/LMSdt3-42903/version_keerthana/data/assignments.ts
2026-02-24 07:02:08,396 - Knowledge - INFO - Processing batch of 6 files
2026-02-24 07:02:08,408 - Knowledge - INFO - Fast-tracked /app/data/T0031/42903/b8539ai/LMSdt3-42903/version_keerthana/components/instructor/InstructorSidebar.tsx (small file (2347 bytes))
2026-02-24 07:02:08,423 - Knowledge - INFO - Processing batch of 6 files
2026-02-24 07:02:08,424 - Knowledge - INFO - Processing batch of 6 files
2026-02-24 07:02:08,496 - Knowledge - INFO - Worker kw19 processing /app/data/T0031/42903/b8539ai/LMSdt3-42903/version_keerthana/app/dashboard/page.tsx
2026-02-24 07:02:08,598 - Knowledge - INFO - Worker kw20 processing /app/data/T0031/42903/b8539ai/LMSdt3-42903/version_keerthana/app/dashboard/learner/courses/[pathId]/[courseId]/page.tsx
2026-02-24 07:02:08,902 - Knowledge - INFO - process ingested knowledge for /app/data/T0031/42903/b8539ai/LMSdt3-42903/HYDRATION_ERROR_FIX.md
2026-02-24 07:02:09,185 - Knowledge - INFO - process ingested knowledge for /app/data/T0031/42903/b8539ai/LMSdt3-42903/version_keerthana/components/learner/LearningProgressSummary.tsx
2026-02-24 07:02:09,257 - Knowledge - INFO - process ingested knowledge for /app/data/T0031/42903/b8539ai/LMSdt3-42903/version_keerthana/data/learnerProgress.tsx
2026-02-24 07:02:09,401 - Knowledge - INFO - Fast-tracked /app/data/T0031/42903/b8539ai/LMSdt3-42903/version_keerthana/app/dashboard/page.tsx (ext=.tsx, size=167)
2026-02-24 07:02:09,567 - Knowledge - INFO - process ingested knowledge for /app/data/T0031/42903/b8539ai/LMSdt3-42903/version_keerthana/INTEGRATION_GUIDE.md
2026-02-24 07:02:09,623 - Knowledge - INFO - [LLM_CALL] Completed: learningPaths.ts:chunk1, Duration: 14702ms, PromptTokens: 8098, CompletionTokens: 222, Cost: $0.00090
2026-02-24 07:02:09,662 - Knowledge - INFO - process ingested knowledge for /app/data/T0031/42903/b8539ai/LMSdt3-42903/version_keerthana/components/learner/ProgressIntegrationCard.tsx
2026-02-24 07:02:09,758 - Knowledge - INFO - process ingested knowledge for /app/data/T0031/42903/b8539ai/LMSdt3-42903/version_keerthana/components/media/FileUploadButton.tsx
2026-02-24 07:02:09,898 - Knowledge - INFO - Worker kw19 processing /app/data/T0031/42903/b8539ai/LMSdt3-42903/version_keerthana/app/dashboard/notifications/page.tsx
2026-02-24 07:02:09,988 - Knowledge - INFO - process ingested knowledge for /app/data/T0031/42903/b8539ai/LMSdt3-42903/version_keerthana/package.json
2026-02-24 07:02:10,086 - Knowledge - INFO - done ingest for /app/data/T0031/42903/b8539ai/LMSdt3-42903/version_keerthana/data/learningPaths.ts
2026-02-24 07:02:10,178 - Knowledge - INFO - process ingested knowledge for /app/data/T0031/42903/b8539ai/LMSdt3-42903/version_keerthana/components/learner/AssignmentListing.tsx
2026-02-24 07:02:10,261 - Knowledge - INFO - process ingested knowledge for /app/data/T0031/42903/b8539ai/LMSdt3-42903/version_keerthana/components/media/VideoPlayer.tsx
2026-02-24 07:02:10,344 - Knowledge - INFO - Worker kw19 processing /app/data/T0031/42903/b8539ai/LMSdt3-42903/version_keerthana/app/dashboard/calendar/page.tsx
2026-02-24 07:02:10,431 - Knowledge - INFO - process ingested knowledge for /app/data/T0031/42903/b8539ai/LMSdt3-42903/version_keerthana/RUN_APP.md
2026-02-24 07:02:10,744 - Knowledge - INFO - process ingested knowledge for /app/data/T0031/42903/b8539ai/LMSdt3-42903/version_keerthana/components/learner/PathProgressHeader.tsx
2026-02-24 07:02:10,837 - Knowledge - INFO - process ingested knowledge for /app/data/T0031/42903/b8539ai/LMSdt3-42903/version_keerthana/components/dashboard/RoleBasedSidebar.tsx
2026-02-24 07:02:10,882 - Knowledge - INFO - [LLM_CALL] Completed: progressData.ts:chunk1, Duration: 21291ms, PromptTokens: 15494, CompletionTokens: 249, Cost: $0.00165
2026-02-24 07:02:11,047 - Knowledge - INFO - process ingested knowledge for /app/data/T0031/42903/b8539ai/LMSdt3-42903/version_keerthana/data/quizData.ts
2026-02-24 07:02:11,120 - Knowledge - INFO - process ingested knowledge for /app/data/T0031/42903/b8539ai/LMSdt3-42903/version_keerthana/components/learner/dashboard/RecentActivitySection.tsx
2026-02-24 07:02:11,268 - Knowledge - INFO - process ingested knowledge for /app/data/T0031/42903/b8539ai/LMSdt3-42903/version_keerthana/components/dashboard/DashboardWelcome.tsx
2026-02-24 07:02:11,349 - Knowledge - INFO - done ingest for /app/data/T0031/42903/b8539ai/LMSdt3-42903/version_keerthana/data/progressData.ts
2026-02-24 07:02:11,443 - Knowledge - INFO - process ingested knowledge for /app/data/T0031/42903/b8539ai/LMSdt3-42903/version_keerthana/data/adminData.ts
2026-02-24 07:02:11,512 - Knowledge - INFO - process ingested knowledge for /app/data/T0031/42903/b8539ai/LMSdt3-42903/version_keerthana/components/learner/dashboard/DailyStreakChart.tsx
2026-02-24 07:02:11,599 - Knowledge - INFO - process ingested knowledge for /app/data/T0031/42903/b8539ai/LMSdt3-42903/version_keerthana/components/notifications/NotificationBell.tsx
2026-02-24 07:02:11,648 - Knowledge - INFO - Fast-tracked /app/data/T0031/42903/b8539ai/LMSdt3-42903/version_keerthana/components/learner/SkillsOverview.tsx (small file (3028 bytes))
2026-02-24 07:02:11,996 - Knowledge - INFO - Fast-tracked /app/data/T0031/42903/b8539ai/LMSdt3-42903/version_keerthana/components/learner/dashboard/ReadinessScoreRing.tsx (small file (2765 bytes))
2026-02-24 07:02:12,579 - Knowledge - INFO - [LLM_CALL] Completed: instructorData.ts:chunk1, Duration: 22030ms, PromptTokens: 2988, CompletionTokens: 248, Cost: $0.00040
2026-02-24 07:02:12,751 - Knowledge - INFO - done ingest for /app/data/T0031/42903/b8539ai/LMSdt3-42903/version_keerthana/data/instructorData.ts
2026-02-24 07:02:13,179 - Knowledge - INFO - [LLM_CALL] Completed: canonicalCourses.ts:chunk1, Duration: 21843ms, PromptTokens: 8690, CompletionTokens: 587, Cost: $0.00110
2026-02-24 07:02:13,384 - Knowledge - INFO - done ingest for /app/data/T0031/42903/b8539ai/LMSdt3-42903/version_keerthana/data/canonicalCourses.ts
2026-02-24 07:02:14,081 - Knowledge - INFO - [WEBSOCKET] Sent: Type=progress_update, Size: 292, Duration: 0ms
2026-02-24 07:02:14,082 - Knowledge - INFO - [kw3] Queue=291, InProgress=0, PendingWorkers=20/20, Completed=21/411 (5.1%)
2026-02-24 07:02:14,303 - Knowledge - INFO - [WEBSOCKET] Sent: Type=unknown, Size: ?, Duration: 223ms
2026-02-24 07:02:14,456 - Knowledge - INFO - Batch sizing: calculated=6, max_allowed=10, queue=291, active_workers=20/20
2026-02-24 07:02:14,574 - Knowledge - INFO - Progress: 5.1% | Files: 22/411 | Rate: 0.54 files/sec | Queue: 291
2026-02-24 07:02:14,574 - Knowledge - INFO - [kw5] Queue=291, InProgress=0, PendingWorkers=20/20, Completed=22/411 (5.4%)
2026-02-24 07:02:14,649 - Knowledge - INFO - Processing batch of 6 files
2026-02-24 07:02:14,664 - Knowledge - INFO - Async storing batch of 6 embeddings
2026-02-24 07:02:14,836 - Knowledge - INFO - [kw1] Queue=285, InProgress=0, PendingWorkers=20/20, Completed=24/411 (5.8%)
2026-02-24 07:02:14,928 - Knowledge - INFO - Batch sizing: calculated=6, max_allowed=10, queue=291, active_workers=20/20
2026-02-24 07:02:15,205 - Knowledge - INFO - process ingested knowledge for /app/data/T0031/42903/b8539ai/LMSdt3-42903/version_keerthana/data/progressData.ts
2026-02-24 07:02:15,375 - Knowledge - INFO - Worker kw3 processing /app/data/T0031/42903/b8539ai/LMSdt3-42903/version_keerthana/app/dashboard/learner/courses/page.tsx
2026-02-24 07:02:15,457 - Knowledge - INFO - [LLM_CALL] Completed: AIRoadmapView.tsx:chunk1, Duration: 13398ms, PromptTokens: 3150, CompletionTokens: 267, Cost: $0.00042
2026-02-24 07:02:15,468 - Knowledge - INFO - Batch sizing: calculated=6, max_allowed=10, queue=285, active_workers=20/20
2026-02-24 07:02:15,670 - Knowledge - INFO - process ingested knowledge for /app/data/T0031/42903/b8539ai/LMSdt3-42903/version_keerthana/data/instructorData.ts
2026-02-24 07:02:15,763 - Knowledge - INFO - Fast-tracked /app/data/T0031/42903/b8539ai/LMSdt3-42903/version_keerthana/app/dashboard/learner/courses/page.tsx (ext=.tsx, size=444)
2026-02-24 07:02:15,831 - Knowledge - INFO - done ingest for /app/data/T0031/42903/b8539ai/LMSdt3-42903/version_keerthana/components/learner/AIRoadmapView.tsx
2026-02-24 07:02:15,834 - Knowledge - INFO - Async storing batch of 6 embeddings
2026-02-24 07:02:15,934 - Knowledge - INFO - Async storing batch of 6 embeddings
2026-02-24 07:02:16,019 - Knowledge - INFO - process ingested knowledge for /app/data/T0031/42903/b8539ai/LMSdt3-42903/version_keerthana/data/learnerCourses.tsx
2026-02-24 07:02:16,135 - Knowledge - INFO - Worker kw3 processing /app/data/T0031/42903/b8539ai/LMSdt3-42903/version_keerthana/app/dashboard/learner/courses/available/page.tsx
2026-02-24 07:02:16,262 - Knowledge - INFO - Processing batch of 6 files
2026-02-24 07:02:16,317 - Knowledge - INFO - Worker kw5 processing /app/data/T0031/42903/b8539ai/LMSdt3-42903/version_keerthana/app/dashboard/learner/page.tsx
2026-02-24 07:02:16,430 - Knowledge - INFO - Worker kw1 processing /app/data/T0031/42903/b8539ai/LMSdt3-42903/version_keerthana/app/dashboard/learner/quiz/[id]/history/page.tsx
2026-02-24 07:02:16,525 - Knowledge - INFO - process ingested knowledge for /app/data/T0031/42903/b8539ai/LMSdt3-42903/version_keerthana/data/canonicalCourses.ts
2026-02-24 07:02:16,615 - Knowledge - INFO - Worker kw3 processing /app/data/T0031/42903/b8539ai/LMSdt3-42903/version_keerthana/app/dashboard/learner/courses/my-courses/page.tsx
2026-02-24 07:02:16,691 - Knowledge - INFO - process ingested knowledge for /app/data/T0031/42903/b8539ai/LMSdt3-42903/version_keerthana/components/learner/AIRoadmapView.tsx
2026-02-24 07:02:16,768 - Knowledge - INFO - Fast-tracked /app/data/T0031/42903/b8539ai/LMSdt3-42903/version_keerthana/app/dashboard/learner/page.tsx (ext=.tsx, size=1436)
2026-02-24 07:02:16,847 - Knowledge - INFO - Fast-tracked /app/data/T0031/42903/b8539ai/LMSdt3-42903/version_keerthana/app/dashboard/learner/quiz/[id]/history/page.tsx (ext=.tsx, size=727)
2026-02-24 07:02:16,940 - Knowledge - INFO - process ingested knowledge for /app/data/T0031/42903/b8539ai/LMSdt3-42903/version_keerthana/data/assignments.ts
2026-02-24 07:02:17,028 - Knowledge - INFO - Worker kw3 processing /app/data/T0031/42903/b8539ai/LMSdt3-42903/version_keerthana/app/dashboard/learner/assignments/page.tsx
2026-02-24 07:02:17,144 - Knowledge - INFO - process ingested knowledge for /app/data/T0031/42903/b8539ai/LMSdt3-42903/version_keerthana/components/learner/SkillRadar.tsx
2026-02-24 07:02:17,248 - Knowledge - INFO - Worker kw5 processing /app/data/T0031/42903/b8539ai/LMSdt3-42903/version_keerthana/app/dashboard/learner/notifications/page.tsx
2026-02-24 07:02:17,339 - Knowledge - INFO - Worker kw1 processing /app/data/T0031/42903/b8539ai/LMSdt3-42903/version_keerthana/app/dashboard/learner/quiz/[id]/page.tsx
2026-02-24 07:02:17,427 - Knowledge - INFO - process ingested knowledge for /app/data/T0031/42903/b8539ai/LMSdt3-42903/version_keerthana/data/learningPaths.ts
2026-02-24 07:02:17,523 - Knowledge - INFO - Fast-tracked /app/data/T0031/42903/b8539ai/LMSdt3-42903/version_keerthana/app/dashboard/learner/assignments/page.tsx (ext=.tsx, size=720)
2026-02-24 07:02:17,634 - Knowledge - INFO - process ingested knowledge for /app/data/T0031/42903/b8539ai/LMSdt3-42903/version_keerthana/components/learner/AIMentorCard.tsx
2026-02-24 07:02:17,758 - Knowledge - INFO - Fast-tracked /app/data/T0031/42903/b8539ai/LMSdt3-42903/version_keerthana/app/dashboard/learner/notifications/page.tsx (ext=.tsx, size=68)
2026-02-24 07:02:17,844 - Knowledge - INFO - Fast-tracked /app/data/T0031/42903/b8539ai/LMSdt3-42903/version_keerthana/app/dashboard/learner/quiz/[id]/page.tsx (ext=.tsx, size=962)
2026-02-24 07:02:18,037 - Knowledge - INFO - Worker kw3 processing /app/data/T0031/42903/b8539ai/LMSdt3-42903/version_keerthana/app/dashboard/learner/assignments/[id]/page.tsx
2026-02-24 07:02:18,192 - Knowledge - INFO - process ingested knowledge for /app/data/T0031/42903/b8539ai/LMSdt3-42903/version_keerthana/components/learner/SkillsOverview.tsx
2026-02-24 07:02:18,217 - Knowledge - INFO - Worker kw5 processing /app/data/T0031/42903/b8539ai/LMSdt3-42903/version_keerthana/app/dashboard/learner/calendar/page.tsx
2026-02-24 07:02:18,324 - Knowledge - INFO - Worker kw1 processing /app/data/T0031/42903/b8539ai/LMSdt3-42903/version_keerthana/app/dashboard/learner/quiz/[id]/take/page.tsx
2026-02-24 07:02:18,420 - Knowledge - INFO - Worker kw3 processing /app/data/T0031/42903/b8539ai/LMSdt3-42903/version_keerthana/app/dashboard/learner/viewer/page.tsx
2026-02-24 07:02:18,479 - Knowledge - INFO - Fast-tracked /app/data/T0031/42903/b8539ai/LMSdt3-42903/version_keerthana/components/admin/AdminSidebar.tsx (small file (2609 bytes))
2026-02-24 07:02:18,492 - Knowledge - INFO - process ingested knowledge for /app/data/T0031/42903/b8539ai/LMSdt3-42903/version_keerthana/components/learner/AIProgressReview.tsx
2026-02-24 07:02:18,595 - Knowledge - INFO - Fast-tracked /app/data/T0031/42903/b8539ai/LMSdt3-42903/version_keerthana/app/dashboard/learner/calendar/page.tsx (ext=.tsx, size=63)
2026-02-24 07:02:18,726 - Knowledge - INFO - Fast-tracked /app/data/T0031/42903/b8539ai/LMSdt3-42903/version_keerthana/app/dashboard/learner/quiz/[id]/take/page.tsx (ext=.tsx, size=1249)
2026-02-24 07:02:18,800 - Knowledge - INFO - [WEBSOCKET] Sent: Type=progress_update, Size: 292, Duration: 0ms
2026-02-24 07:02:19,030 - Knowledge - INFO - process ingested knowledge for /app/data/T0031/42903/b8539ai/LMSdt3-42903/version_keerthana/components/learner/CompletedCourses.tsx
2026-02-24 07:02:19,112 - Knowledge - INFO - Worker kw5 processing /app/data/T0031/42903/b8539ai/LMSdt3-42903/version_keerthana/app/dashboard/learner/certificates/page.tsx
2026-02-24 07:02:19,219 - Knowledge - INFO - Worker kw1 processing /app/data/T0031/42903/b8539ai/LMSdt3-42903/version_keerthana/app/dashboard/learner/quiz/[id]/result/page.tsx
2026-02-24 07:02:19,318 - Knowledge - INFO - [WEBSOCKET] Sent: Type=unknown, Size: ?, Duration: 517ms
2026-02-24 07:02:19,463 - Knowledge - INFO - Fast-tracked /app/data/T0031/42903/b8539ai/LMSdt3-42903/version_keerthana/components/learner/ReadinessOverviewCard.tsx (small file (3014 bytes))
2026-02-24 07:02:19,472 - Knowledge - INFO - Worker kw5 processing /app/data/T0031/42903/b8539ai/LMSdt3-42903/version_keerthana/app/dashboard/learner/settings/page.tsx
2026-02-24 07:02:19,616 - Knowledge - INFO - Fast-tracked /app/data/T0031/42903/b8539ai/LMSdt3-42903/version_keerthana/app/dashboard/learner/quiz/[id]/result/page.tsx (ext=.tsx, size=1533)
2026-02-24 07:02:19,722 - Knowledge - INFO - Progress: 7.3% | Files: 30/411 | Rate: 0.66 files/sec | Queue: 273
2026-02-24 07:02:19,918 - Knowledge - INFO - Worker kw5 processing /app/data/T0031/42903/b8539ai/LMSdt3-42903/version_keerthana/app/dashboard/learner/quiz/[id]/review/page.tsx
2026-02-24 07:02:20,039 - Knowledge - INFO - Worker kw1 processing /app/data/T0031/42903/b8539ai/LMSdt3-42903/version_keerthana/app/dashboard/learner/progress/page.tsx
2026-02-24 07:02:20,308 - Knowledge - INFO - [kw2] Queue=273, InProgress=0, PendingWorkers=20/20, Completed=30/411 (7.3%)
2026-02-24 07:02:20,418 - Knowledge - INFO - Fast-tracked /app/data/T0031/42903/b8539ai/LMSdt3-42903/version_keerthana/app/dashboard/learner/quiz/[id]/review/page.tsx (ext=.tsx, size=1016)
2026-02-24 07:02:20,447 - Knowledge - INFO - [LLM_CALL] Completed: SkillDistributionRing.tsx:chunk1, Duration: 23520ms, PromptTokens: 7226, CompletionTokens: 324, Cost: $0.00085
2026-02-24 07:02:20,527 - Knowledge - INFO - Fast-tracked /app/data/T0031/42903/b8539ai/LMSdt3-42903/version_keerthana/app/dashboard/learner/progress/page.tsx (ext=.tsx, size=420)
2026-02-24 07:02:20,613 - Knowledge - INFO - Fast-tracked /app/data/T0031/42903/b8539ai/LMSdt3-42903/version_keerthana/components/learner/QuizzesSection.tsx (small file (2600 bytes))
2026-02-24 07:02:20,616 - Knowledge - INFO - Batch sizing: calculated=6, max_allowed=10, queue=273, active_workers=20/20
2026-02-24 07:02:20,793 - Knowledge - INFO - done ingest for /app/data/T0031/42903/b8539ai/LMSdt3-42903/version_keerthana/components/learner/dashboard/SkillDistributionRing.tsx
2026-02-24 07:02:20,839 - Knowledge - INFO - [kw9] Queue=273, InProgress=0, PendingWorkers=20/20, Completed=30/411 (7.3%)
2026-02-24 07:02:21,178 - Knowledge - INFO - Worker kw1 processing /app/data/T0031/42903/b8539ai/LMSdt3-42903/version_keerthana/app/dashboard/learner/layout.tsx
2026-02-24 07:02:21,366 - Knowledge - INFO - Async storing batch of 6 embeddings
2026-02-24 07:02:21,596 - Knowledge - INFO - Batch sizing: calculated=6, max_allowed=10, queue=273, active_workers=20/20
2026-02-24 07:02:21,681 - Knowledge - INFO - [LLM_CALL] Completed: SkillManagementCard.tsx:chunk1, Duration: 18273ms, PromptTokens: 4002, CompletionTokens: 232, Cost: $0.00049
2026-02-24 07:02:21,704 - Knowledge - INFO - Fast-tracked /app/data/T0031/42903/b8539ai/LMSdt3-42903/version_keerthana/app/dashboard/learner/layout.tsx (ext=.tsx, size=857)
2026-02-24 07:02:21,786 - Knowledge - INFO - Worker kw2 processing /app/data/T0031/42903/b8539ai/LMSdt3-42903/version_keerthana/app/dashboard/admin/courses/page.tsx
2026-02-24 07:02:21,978 - Knowledge - INFO - done ingest for /app/data/T0031/42903/b8539ai/LMSdt3-42903/version_keerthana/components/learner/dashboard/SkillManagementCard.tsx
2026-02-24 07:02:21,981 - Knowledge - INFO - Async storing batch of 6 embeddings
2026-02-24 07:02:22,056 - Knowledge - INFO - Async storage completed for 6 embeddings
2026-02-24 07:02:22,139 - Knowledge - INFO - Worker kw2 processing /app/data/T0031/42903/b8539ai/LMSdt3-42903/version_keerthana/app/dashboard/admin/courses/[id]/page.tsx
2026-02-24 07:02:22,533 - Knowledge - INFO - Worker kw9 processing /app/data/T0031/42903/b8539ai/LMSdt3-42903/version_keerthana/app/dashboard/admin/notifications/page.tsx
2026-02-24 07:02:22,623 - Knowledge - INFO - Processing batch of 6 files
2026-02-24 07:02:22,675 - Knowledge - INFO - Processing batch of 6 files
2026-02-24 07:02:22,722 - Knowledge - INFO - Worker kw2 processing /app/data/T0031/42903/b8539ai/LMSdt3-42903/version_keerthana/app/dashboard/admin/requests/page.tsx
2026-02-24 07:02:22,802 - Knowledge - INFO - Fast-tracked /app/data/T0031/42903/b8539ai/LMSdt3-42903/version_keerthana/app/dashboard/admin/notifications/page.tsx (ext=.tsx, size=68)
2026-02-24 07:02:22,872 - Knowledge - INFO - process ingested knowledge for /app/data/T0031/42903/b8539ai/LMSdt3-42903/version_keerthana/components/learner/dashboard/SkillDistributionRing.tsx
2026-02-24 07:02:22,970 - Knowledge - INFO - process ingested knowledge for /app/data/T0031/42903/b8539ai/LMSdt3-42903/version_keerthana/app/dashboard/learner/quiz/[id]/history/page.tsx
2026-02-24 07:02:23,069 - Knowledge - INFO - Worker kw2 processing /app/data/T0031/42903/b8539ai/LMSdt3-42903/version_keerthana/app/dashboard/admin/users/page.tsx
2026-02-24 07:02:23,194 - Knowledge - INFO - Worker kw9 processing /app/data/T0031/42903/b8539ai/LMSdt3-42903/version_keerthana/app/dashboard/admin/calendar/page.tsx
2026-02-24 07:02:23,331 - Knowledge - INFO - process ingested knowledge for /app/data/T0031/42903/b8539ai/LMSdt3-42903/version_keerthana/components/learner/dashboard/WelcomeHeader.tsx
2026-02-24 07:02:23,458 - Knowledge - INFO - process ingested knowledge for /app/data/T0031/42903/b8539ai/LMSdt3-42903/version_keerthana/app/dashboard/learner/quiz/[id]/page.tsx
2026-02-24 07:02:23,545 - Knowledge - INFO - Worker kw2 processing /app/data/T0031/42903/b8539ai/LMSdt3-42903/version_keerthana/app/dashboard/admin/users/[id]/page.tsx
2026-02-24 07:02:23,668 - Knowledge - INFO - Fast-tracked /app/data/T0031/42903/b8539ai/LMSdt3-42903/version_keerthana/app/dashboard/admin/calendar/page.tsx (ext=.tsx, size=63)
2026-02-24 07:02:23,740 - Knowledge - INFO - process ingested knowledge for /app/data/T0031/42903/b8539ai/LMSdt3-42903/version_keerthana/components/learner/dashboard/UpcomingTasksSection.tsx
2026-02-24 07:02:23,818 - Knowledge - INFO - process ingested knowledge for /app/data/T0031/42903/b8539ai/LMSdt3-42903/version_keerthana/app/dashboard/learner/quiz/[id]/take/page.tsx
2026-02-24 07:02:23,899 - Knowledge - INFO - Worker kw2 processing /app/data/T0031/42903/b8539ai/LMSdt3-42903/version_keerthana/app/dashboard/admin/page.tsx
2026-02-24 07:02:24,012 - Knowledge - INFO - Worker kw9 processing /app/data/T0031/42903/b8539ai/LMSdt3-42903/version_keerthana/app/dashboard/admin/certificates/page.tsx
2026-02-24 07:02:24,129 - Knowledge - INFO - process ingested knowledge for /app/data/T0031/42903/b8539ai/LMSdt3-42903/version_keerthana/components/learner/dashboard/LearningStatsCards.tsx
2026-02-24 07:02:24,230 - Knowledge - INFO - process ingested knowledge for /app/data/T0031/42903/b8539ai/LMSdt3-42903/version_keerthana/app/dashboard/learner/quiz/[id]/result/page.tsx
2026-02-24 07:02:24,461 - Knowledge - INFO - Worker kw9 processing /app/data/T0031/42903/b8539ai/LMSdt3-42903/version_keerthana/app/dashboard/admin/settings/page.tsx
2026-02-24 07:02:24,556 - Knowledge - INFO - process ingested knowledge for /app/data/T0031/42903/b8539ai/LMSdt3-42903/version_keerthana/components/learner/dashboard/SkillManagementCard.tsx
2026-02-24 07:02:24,713 - Knowledge - INFO - process ingested knowledge for /app/data/T0031/42903/b8539ai/LMSdt3-42903/version_keerthana/app/dashboard/learner/progress/page.tsx
2026-02-24 07:02:24,810 - Knowledge - INFO - [LLM_CALL] Completed: ContinueLearningSection.tsx:chunk1, Duration: 26511ms, PromptTokens: 2452, CompletionTokens: 225, Cost: $0.00034
2026-02-24 07:02:24,812 - Knowledge - INFO - Worker kw9 processing /app/data/T0031/42903/b8539ai/LMSdt3-42903/version_keerthana/app/dashboard/admin/assessments/page.tsx
2026-02-24 07:02:24,899 - Knowledge - INFO - process ingested knowledge for /app/data/T0031/42903/b8539ai/LMSdt3-42903/version_keerthana/components/learner/dashboard/ReadinessScoreRing.tsx
2026-02-24 07:02:24,987 - Knowledge - INFO - process ingested knowledge for /app/data/T0031/42903/b8539ai/LMSdt3-42903/version_keerthana/app/dashboard/learner/layout.tsx
2026-02-24 07:02:25,099 - Knowledge - INFO - done ingest for /app/data/T0031/42903/b8539ai/LMSdt3-42903/version_keerthana/components/learner/dashboard/ContinueLearningSection.tsx
2026-02-24 07:02:25,207 - Knowledge - INFO - Worker kw9 processing /app/data/T0031/42903/b8539ai/LMSdt3-42903/version_keerthana/app/dashboard/admin/layout.tsx
2026-02-24 07:02:25,758 - Knowledge - INFO - Fast-tracked /app/data/T0031/42903/b8539ai/LMSdt3-42903/version_keerthana/app/dashboard/admin/layout.tsx (ext=.tsx, size=383)
2026-02-24 07:02:25,988 - Knowledge - INFO - Fast-tracked /app/data/T0031/42903/b8539ai/LMSdt3-42903/version_keerthana/components/learner/CourseProgressTable.tsx (small file (2827 bytes))
2026-02-24 07:02:26,048 - Knowledge - INFO - [LLM_CALL] Completed: AssignmentDetailContent.tsx:chunk1, Duration: 18401ms, PromptTokens: 2962, CompletionTokens: 265, Cost: $0.00040
2026-02-24 07:02:26,228 - Knowledge - INFO - Fast-tracked /app/data/T0031/42903/b8539ai/LMSdt3-42903/version_keerthana/components/learner/SidebarToggleSwitch.tsx (small file (2732 bytes))
2026-02-24 07:02:26,309 - Knowledge - INFO - done ingest for /app/data/T0031/42903/b8539ai/LMSdt3-42903/version_keerthana/components/learner/AssignmentDetailContent.tsx
2026-02-24 07:02:26,850 - Knowledge - INFO - [WEBSOCKET] Sent: Type=progress_update, Size: 289, Duration: 0ms
2026-02-24 07:02:27,047 - Knowledge - INFO - [WEBSOCKET] Sent: Type=unknown, Size: ?, Duration: 197ms
2026-02-24 07:02:27,367 - Knowledge - INFO - Progress: 11.2% | Files: 47/411 | Rate: 0.88 files/sec | Queue: 261
2026-02-24 07:02:27,375 - Knowledge - INFO - [kw1] Queue=261, InProgress=0, PendingWorkers=20/20, Completed=47/411 (11.4%)
2026-02-24 07:02:27,414 - Knowledge - INFO - Processing batch of 6 files
2026-02-24 07:02:27,592 - Knowledge - INFO - [kw6] Queue=261, InProgress=0, PendingWorkers=20/20, Completed=48/411 (11.7%)
2026-02-24 07:02:27,667 - Knowledge - INFO - Batch sizing: calculated=6, max_allowed=10, queue=261, active_workers=20/20
2026-02-24 07:02:27,748 - Knowledge - INFO - process ingested knowledge for /app/data/T0031/42903/b8539ai/LMSdt3-42903/version_keerthana/components/learner/dashboard/ContinueLearningSection.tsx
2026-02-24 07:02:27,835 - Knowledge - INFO - Batch sizing: calculated=6, max_allowed=10, queue=261, active_workers=20/20
2026-02-24 07:02:27,963 - Knowledge - INFO - Async storing batch of 6 embeddings
2026-02-24 07:02:28,077 - Knowledge - INFO - process ingested knowledge for /app/data/T0031/42903/b8539ai/LMSdt3-42903/version_keerthana/components/learner/CourseCard.tsx
2026-02-24 07:02:28,227 - Knowledge - INFO - Async storing batch of 6 embeddings
2026-02-24 07:02:28,303 - Knowledge - INFO - Worker kw1 processing /app/data/T0031/42903/b8539ai/LMSdt3-42903/version_keerthana/app/dashboard/admin/reports/page.tsx
2026-02-24 07:02:28,393 - Knowledge - INFO - process ingested knowledge for /app/data/T0031/42903/b8539ai/LMSdt3-42903/version_keerthana/components/learner/AssignmentDetailContent.tsx
2026-02-24 07:02:28,518 - Knowledge - INFO - Worker kw6 processing /app/data/T0031/42903/b8539ai/LMSdt3-42903/version_keerthana/app/dashboard/instructor/page.tsx
2026-02-24 07:02:28,627 - Knowledge - INFO - Worker kw1 processing /app/data/T0031/42903/b8539ai/LMSdt3-42903/version_keerthana/app/dashboard/instructor/courses/page.tsx
2026-02-24 07:02:28,793 - Knowledge - INFO - process ingested knowledge for /app/data/T0031/42903/b8539ai/LMSdt3-42903/version_keerthana/components/learner/PerformanceCharts.tsx
2026-02-24 07:02:28,962 - Knowledge - INFO - Worker kw6 processing /app/data/T0031/42903/b8539ai/LMSdt3-42903/version_keerthana/app/dashboard/instructor/notifications/page.tsx
2026-02-24 07:02:28,962 - Knowledge - INFO - Fast-tracked /app/data/T0031/42903/b8539ai/LMSdt3-42903/version_keerthana/components/learner/UpcomingTasks.tsx (small file (2986 bytes))
2026-02-24 07:02:29,064 - Knowledge - INFO - [LLM_CALL] Completed: RecentActivity.tsx:chunk1, Duration: 20749ms, PromptTokens: 2448, CompletionTokens: 214, Cost: $0.00033
2026-02-24 07:02:29,070 - Knowledge - INFO - Worker kw1 processing /app/data/T0031/42903/b8539ai/LMSdt3-42903/version_keerthana/app/dashboard/instructor/courses/new/page.tsx
2026-02-24 07:02:29,148 - Knowledge - INFO - process ingested knowledge for /app/data/T0031/42903/b8539ai/LMSdt3-42903/version_keerthana/components/learner/RecommendedCourses.tsx
2026-02-24 07:02:29,261 - Knowledge - INFO - Fast-tracked /app/data/T0031/42903/b8539ai/LMSdt3-42903/version_keerthana/app/dashboard/instructor/notifications/page.tsx (ext=.tsx, size=68)
2026-02-24 07:02:29,500 - Knowledge - INFO - done ingest for /app/data/T0031/42903/b8539ai/LMSdt3-42903/version_keerthana/components/learner/RecentActivity.tsx
2026-02-24 07:02:29,671 - Knowledge - INFO - Worker kw1 processing /app/data/T0031/42903/b8539ai/LMSdt3-42903/version_keerthana/app/dashboard/instructor/courses/[id]/page.tsx
2026-02-24 07:02:29,728 - Knowledge - INFO - process ingested knowledge for /app/data/T0031/42903/b8539ai/LMSdt3-42903/version_keerthana/components/learner/ReadinessOverviewCard.tsx
2026-02-24 07:02:29,820 - Knowledge - INFO - [LLM_CALL] Completed: AssignmentCard.tsx:chunk1, Duration: 21506ms, PromptTokens: 2330, CompletionTokens: 265, Cost: $0.00034
2026-02-24 07:02:29,861 - Knowledge - INFO - Worker kw6 processing /app/data/T0031/42903/b8539ai/LMSdt3-42903/version_keerthana/app/dashboard/instructor/calendar/page.tsx
2026-02-24 07:02:30,064 - Knowledge - INFO - Worker kw1 processing /app/data/T0031/42903/b8539ai/LMSdt3-42903/version_keerthana/app/dashboard/instructor/learners/page.tsx
2026-02-24 07:02:30,243 - Knowledge - INFO - done ingest for /app/data/T0031/42903/b8539ai/LMSdt3-42903/version_keerthana/components/learner/AssignmentCard.tsx
2026-02-24 07:02:30,308 - Knowledge - INFO - Fast-tracked /app/data/T0031/42903/b8539ai/LMSdt3-42903/version_keerthana/components/manager/ManagerSidebar.tsx (small file (2286 bytes))
2026-02-24 07:02:30,349 - Knowledge - INFO - Fast-tracked /app/data/T0031/42903/b8539ai/LMSdt3-42903/version_keerthana/app/dashboard/instructor/calendar/page.tsx (ext=.tsx, size=63)
2026-02-24 07:02:30,433 - Knowledge - INFO - Processing batch of 6 files
2026-02-24 07:02:30,435 - Knowledge - INFO - Worker kw1 processing /app/data/T0031/42903/b8539ai/LMSdt3-42903/version_keerthana/app/dashboard/instructor/learners/[id]/page.tsx
2026-02-24 07:02:30,804 - Knowledge - INFO - Worker kw6 processing /app/data/T0031/42903/b8539ai/LMSdt3-42903/version_keerthana/app/dashboard/instructor/settings/page.tsx
2026-02-24 07:02:30,815 - Knowledge - INFO - [LLM_CALL] Completed: Header.tsx:chunk1, Duration: 37804ms, PromptTokens: 3126, CompletionTokens: 289, Cost: $0.00043
2026-02-24 07:02:30,912 - Knowledge - INFO - process ingested knowledge for /app/data/T0031/42903/b8539ai/LMSdt3-42903/version_keerthana/components/learner/StatCard.tsx
2026-02-24 07:02:31,155 - Knowledge - INFO - Worker kw6 processing /app/data/T0031/42903/b8539ai/LMSdt3-42903/version_keerthana/app/dashboard/instructor/assessments/page.tsx
2026-02-24 07:02:31,284 - Knowledge - INFO - done ingest for /app/data/T0031/42903/b8539ai/LMSdt3-42903/version_keerthana/components/layout/Header.tsx
2026-02-24 07:02:31,287 - Knowledge - INFO - [kw7] Queue=249, InProgress=0, PendingWorkers=20/20, Completed=54/411 (13.1%)
2026-02-24 07:02:31,372 - Knowledge - INFO - process ingested knowledge for /app/data/T0031/42903/b8539ai/LMSdt3-42903/version_keerthana/components/learner/WelcomeCard.tsx
2026-02-24 07:02:31,461 - Knowledge - INFO - Worker kw6 processing /app/data/T0031/42903/b8539ai/LMSdt3-42903/version_keerthana/app/dashboard/instructor/layout.tsx
2026-02-24 07:02:31,705 - Knowledge - INFO - Batch sizing: calculated=6, max_allowed=10, queue=249, active_workers=20/20
2026-02-24 07:02:31,832 - Knowledge - INFO - process ingested knowledge for /app/data/T0031/42903/b8539ai/LMSdt3-42903/version_keerthana/components/learner/CertificatesSnapshot.tsx
2026-02-24 07:02:31,914 - Knowledge - INFO - [LLM_CALL] Completed: LearnerSidebar.tsx:chunk1, Duration: 31733ms, PromptTokens: 4004, CompletionTokens: 277, Cost: $0.00051
2026-02-24 07:02:31,926 - Knowledge - INFO - Fast-tracked /app/data/T0031/42903/b8539ai/LMSdt3-42903/version_keerthana/app/dashboard/instructor/layout.tsx (ext=.tsx, size=408)
2026-02-24 07:02:32,095 - Knowledge - INFO - process ingested knowledge for /app/data/T0031/42903/b8539ai/LMSdt3-42903/version_keerthana/components/learner/RecentActivity.tsx
2026-02-24 07:02:32,180 - Knowledge - INFO - done ingest for /app/data/T0031/42903/b8539ai/LMSdt3-42903/version_keerthana/components/learner/LearnerSidebar.tsx
2026-02-24 07:02:32,180 - Knowledge - INFO - Async storing batch of 6 embeddings
2026-02-24 07:02:32,367 - Knowledge - INFO - process ingested knowledge for /app/data/T0031/42903/b8539ai/LMSdt3-42903/version_keerthana/components/learner/CourseProgressTable.tsx
2026-02-24 07:02:32,588 - Knowledge - INFO - Worker kw7 processing /app/data/T0031/42903/b8539ai/LMSdt3-42903/version_keerthana/app/dashboard/instructor/reports/page.tsx
2026-02-24 07:02:32,692 - Knowledge - INFO - process ingested knowledge for /app/data/T0031/42903/b8539ai/LMSdt3-42903/version_keerthana/components/learner/SidebarToggleSwitch.tsx
2026-02-24 07:02:32,841 - Knowledge - INFO - Worker kw7 processing /app/data/T0031/42903/b8539ai/LMSdt3-42903/version_keerthana/app/dashboard/manager/courses/page.tsx
2026-02-24 07:02:33,088 - Knowledge - INFO - Worker kw7 processing /app/data/T0031/42903/b8539ai/LMSdt3-42903/version_keerthana/app/dashboard/manager/learners/page.tsx
2026-02-24 07:02:33,111 - Knowledge - INFO - [LLM_CALL] Completed: AIChatWidget.tsx:chunk1, Duration: 37709ms, PromptTokens: 5600, CompletionTokens: 414, Cost: $0.00073
2026-02-24 07:02:33,332 - Knowledge - INFO - Worker kw7 processing /app/data/T0031/42903/b8539ai/LMSdt3-42903/version_keerthana/app/dashboard/manager/learners/[id]/page.tsx
2026-02-24 07:02:33,400 - Knowledge - INFO - done ingest for /app/data/T0031/42903/b8539ai/LMSdt3-42903/version_keerthana/components/global/AIChatWidget.tsx
2026-02-24 07:02:33,511 - Knowledge - INFO - Worker kw7 processing /app/data/T0031/42903/b8539ai/LMSdt3-42903/version_keerthana/app/dashboard/manager/page.tsx
2026-02-24 07:02:33,710 - Knowledge - INFO - Worker kw7 processing /app/data/T0031/42903/b8539ai/LMSdt3-42903/version_keerthana/app/dashboard/manager/notifications/page.tsx
2026-02-24 07:02:33,834 - Knowledge - INFO - Processing batch of 6 files
2026-02-24 07:02:33,863 - Knowledge - INFO - [WEBSOCKET] Sent: Type=progress_update, Size: 288, Duration: 0ms
2026-02-24 07:02:33,897 - Knowledge - INFO - Fast-tracked /app/data/T0031/42903/b8539ai/LMSdt3-42903/version_keerthana/app/dashboard/manager/notifications/page.tsx (ext=.tsx, size=68)
2026-02-24 07:02:34,046 - Knowledge - INFO - process ingested knowledge for /app/data/T0031/42903/b8539ai/LMSdt3-42903/version_keerthana/components/layout/Header.tsx
2026-02-24 07:02:34,177 - Knowledge - INFO - [WEBSOCKET] Sent: Type=unknown, Size: ?, Duration: 313ms
2026-02-24 07:02:34,364 - Knowledge - INFO - process ingested knowledge for /app/data/T0031/42903/b8539ai/LMSdt3-42903/version_keerthana/components/providers/SessionProvider.tsx
2026-02-24 07:02:34,464 - Knowledge - INFO - Progress: 14.6% | Files: 60/411 | Rate: 0.99 files/sec | Queue: 243
2026-02-24 07:02:34,566 - Knowledge - INFO - process ingested knowledge for /app/data/T0031/42903/b8539ai/LMSdt3-42903/version_keerthana/components/global/AIChatWidget.tsx
2026-02-24 07:02:34,640 - Knowledge - INFO - [kw16] Queue=243, InProgress=0, PendingWorkers=20/20, Completed=60/411 (14.6%)
2026-02-24 07:02:34,752 - Knowledge - INFO - process ingested knowledge for /app/data/T0031/42903/b8539ai/LMSdt3-42903/version_keerthana/components/learner/LearnerSidebar.tsx
2026-02-24 07:02:34,862 - Knowledge - INFO - Batch sizing: calculated=6, max_allowed=10, queue=243, active_workers=20/20
2026-02-24 07:02:34,949 - Knowledge - INFO - process ingested knowledge for /app/data/T0031/42903/b8539ai/LMSdt3-42903/version_keerthana/components/learner/AssignmentCard.tsx
2026-02-24 07:02:35,082 - Knowledge - INFO - Async storing batch of 6 embeddings
2026-02-24 07:02:35,153 - Knowledge - INFO - process ingested knowledge for /app/data/T0031/42903/b8539ai/LMSdt3-42903/version_keerthana/components/learner/ProgressSummary.tsx
2026-02-24 07:02:35,297 - Knowledge - INFO - Worker kw16 processing /app/data/T0031/42903/b8539ai/LMSdt3-42903/version_keerthana/app/dashboard/manager/calendar/page.tsx
2026-02-24 07:02:35,472 - Knowledge - INFO - Fast-tracked /app/data/T0031/42903/b8539ai/LMSdt3-42903/version_keerthana/app/dashboard/manager/calendar/page.tsx (ext=.tsx, size=63)
2026-02-24 07:02:35,695 - Knowledge - INFO - Worker kw16 processing /app/data/T0031/42903/b8539ai/LMSdt3-42903/version_keerthana/app/dashboard/manager/settings/page.tsx
2026-02-24 07:02:35,946 - Knowledge - INFO - Worker kw16 processing /app/data/T0031/42903/b8539ai/LMSdt3-42903/version_keerthana/app/dashboard/manager/assessments/page.tsx
2026-02-24 07:02:36,127 - Knowledge - INFO - Worker kw16 processing /app/data/T0031/42903/b8539ai/LMSdt3-42903/version_keerthana/app/dashboard/manager/layout.tsx
2026-02-24 07:02:36,288 - Knowledge - INFO - Fast-tracked /app/data/T0031/42903/b8539ai/LMSdt3-42903/version_keerthana/app/dashboard/manager/layout.tsx (ext=.tsx, size=393)
2026-02-24 07:02:36,327 - Knowledge - INFO - [kw4] Queue=237, InProgress=0, PendingWorkers=20/20, Completed=60/411 (14.6%)
2026-02-24 07:02:36,462 - Knowledge - INFO - Worker kw16 processing /app/data/T0031/42903/b8539ai/LMSdt3-42903/version_keerthana/app/dashboard/manager/reports/page.tsx
2026-02-24 07:02:36,542 - Knowledge - INFO - Batch sizing: calculated=6, max_allowed=10, queue=237, active_workers=20/20
2026-02-24 07:02:36,627 - Knowledge - INFO - Worker kw16 processing /app/data/T0031/42903/b8539ai/LMSdt3-42903/version_keerthana/app/dashboard/layout.tsx
2026-02-24 07:02:36,737 - Knowledge - INFO - Async storing batch of 6 embeddings
2026-02-24 07:02:36,835 - Knowledge - INFO - Fast-tracked /app/data/T0031/42903/b8539ai/LMSdt3-42903/version_keerthana/app/dashboard/layout.tsx (ext=.tsx, size=865)
2026-02-24 07:02:36,995 - Knowledge - INFO - Worker kw4 processing /app/data/T0031/42903/b8539ai/LMSdt3-42903/version_keerthana/app/courses/page.tsx
2026-02-24 07:02:37,190 - Knowledge - INFO - Fast-tracked /app/data/T0031/42903/b8539ai/LMSdt3-42903/version_keerthana/app/courses/page.tsx (ext=.tsx, size=227)
2026-02-24 07:02:37,432 - Knowledge - INFO - Worker kw4 processing /app/data/T0031/42903/b8539ai/LMSdt3-42903/version_keerthana/app/auth/signup/page.tsx
2026-02-24 07:02:37,640 - Knowledge - INFO - Fast-tracked /app/data/T0031/42903/b8539ai/LMSdt3-42903/version_keerthana/app/auth/signup/page.tsx (ext=.tsx, size=405)
2026-02-24 07:02:37,960 - Knowledge - INFO - Worker kw4 processing /app/data/T0031/42903/b8539ai/LMSdt3-42903/version_keerthana/app/auth/signup/details/page.tsx
2026-02-24 07:02:38,193 - Knowledge - INFO - Worker kw4 processing /app/data/T0031/42903/b8539ai/LMSdt3-42903/version_keerthana/app/auth/login/page.tsx
2026-02-24 07:02:38,217 - Knowledge - INFO - [LLM_CALL] Completed: AssignmentFilters.tsx:chunk1, Duration: 29514ms, PromptTokens: 3942, CompletionTokens: 278, Cost: $0.00051
2026-02-24 07:02:38,386 - Knowledge - INFO - Worker kw4 processing /app/data/T0031/42903/b8539ai/LMSdt3-42903/version_keerthana/app/auth/pending/page.tsx
2026-02-24 07:02:38,488 - Knowledge - INFO - done ingest for /app/data/T0031/42903/b8539ai/LMSdt3-42903/version_keerthana/components/learner/AssignmentFilters.tsx
2026-02-24 07:02:38,580 - Knowledge - INFO - Worker kw4 processing /app/data/T0031/42903/b8539ai/LMSdt3-42903/version_keerthana/app/page.tsx
2026-02-24 07:02:38,979 - Knowledge - INFO - Fast-tracked /app/data/T0031/42903/b8539ai/LMSdt3-42903/version_keerthana/app/page.tsx (ext=.tsx, size=814)
2026-02-24 07:02:39,183 - Knowledge - INFO - [LLM_CALL] Completed: AdminSystemArchitectBot.tsx:chunk1, Duration: 19866ms, PromptTokens: 3904, CompletionTokens: 364, Cost: $0.00054
2026-02-24 07:02:39,218 - Knowledge - INFO - Fast-tracked /app/data/T0031/42903/b8539ai/LMSdt3-42903/version_keerthana/app/auth/signup/details/page.tsx (small file (2875 bytes))
2026-02-24 07:02:39,358 - Knowledge - INFO - done ingest for /app/data/T0031/42903/b8539ai/LMSdt3-42903/version_keerthana/components/admin/AdminSystemArchitectBot.tsx
2026-02-24 07:02:39,576 - Knowledge - INFO - Processing batch of 6 files
2026-02-24 07:02:39,761 - Knowledge - INFO - process ingested knowledge for /app/data/T0031/42903/b8539ai/LMSdt3-42903/version_keerthana/components/learner/ProgressCharts.tsx
2026-02-24 07:02:40,011 - Knowledge - INFO - process ingested knowledge for /app/data/T0031/42903/b8539ai/LMSdt3-42903/version_keerthana/components/learner/AssignedCourses.tsx
2026-02-24 07:02:40,192 - Knowledge - INFO - process ingested knowledge for /app/data/T0031/42903/b8539ai/LMSdt3-42903/version_keerthana/components/learner/HappyLearningAnimation.tsx
2026-02-24 07:02:40,350 - Knowledge - INFO - process ingested knowledge for /app/data/T0031/42903/b8539ai/LMSdt3-42903/version_keerthana/components/learner/AssignmentFilters.tsx
2026-02-24 07:02:40,528 - Knowledge - INFO - process ingested knowledge for /app/data/T0031/42903/b8539ai/LMSdt3-42903/version_keerthana/components/admin/AdminSidebar.tsx
2026-02-24 07:02:40,770 - Knowledge - INFO - process ingested knowledge for /app/data/T0031/42903/b8539ai/LMSdt3-42903/version_keerthana/components/admin/AdminSystemArchitectBot.tsx
2026-02-24 07:02:41,611 - Knowledge - INFO - [kw17] Queue=231, InProgress=0, PendingWorkers=20/20, Completed=66/411 (16.1%)
2026-02-24 07:02:41,790 - Knowledge - INFO - Batch sizing: calculated=6, max_allowed=10, queue=231, active_workers=20/20
2026-02-24 07:02:41,965 - Knowledge - INFO - Async storing batch of 6 embeddings
2026-02-24 07:02:42,109 - Knowledge - INFO - Worker kw17 processing /app/data/T0031/42903/b8539ai/LMSdt3-42903/version_keerthana/app/api/auth/[...nextauth]/route.ts
2026-02-24 07:02:42,296 - Knowledge - INFO - Worker kw17 processing /app/data/T0031/42903/b8539ai/LMSdt3-42903/version_keerthana/app/learner/page.tsx
2026-02-24 07:02:42,496 - Knowledge - INFO - Fast-tracked /app/data/T0031/42903/b8539ai/LMSdt3-42903/version_keerthana/app/learner/page.tsx (ext=.tsx, size=275)
2026-02-24 07:02:42,679 - Knowledge - INFO - Worker kw17 processing /app/data/T0031/42903/b8539ai/LMSdt3-42903/version_keerthana/app/learner/certificates/page.tsx
2026-02-24 07:02:42,924 - Knowledge - INFO - Fast-tracked /app/data/T0031/42903/b8539ai/LMSdt3-42903/version_keerthana/app/learner/certificates/page.tsx (ext=.tsx, size=275)
2026-02-24 07:02:43,256 - Knowledge - INFO - Worker kw17 processing /app/data/T0031/42903/b8539ai/LMSdt3-42903/version_keerthana/app/learner/progress/page.tsx
2026-02-24 07:02:43,414 - Knowledge - INFO - Fast-tracked /app/data/T0031/42903/b8539ai/LMSdt3-42903/version_keerthana/app/learner/progress/page.tsx (ext=.tsx, size=271)
2026-02-24 07:02:43,664 - Knowledge - INFO - Worker kw17 processing /app/data/T0031/42903/b8539ai/LMSdt3-42903/version_keerthana/app/globals.css
2026-02-24 07:02:43,979 - Knowledge - INFO - Fast-tracked /app/data/T0031/42903/b8539ai/LMSdt3-42903/version_keerthana/app/globals.css (ext=.css, size=8981)
2026-02-24 07:02:44,200 - Knowledge - INFO - Worker kw17 processing /app/data/T0031/42903/b8539ai/LMSdt3-42903/version_keerthana/app/layout.tsx
2026-02-24 07:02:44,410 - Knowledge - INFO - Fast-tracked /app/data/T0031/42903/b8539ai/LMSdt3-42903/version_keerthana/app/layout.tsx (ext=.tsx, size=913)
2026-02-24 07:02:44,473 - Knowledge - INFO - [LLM_CALL] Completed: page.tsx:chunk1, Duration: 945ms, PromptTokens: 4652, CompletionTokens: 358, Cost: $0.00061
2026-02-24 07:02:44,673 - Knowledge - INFO - done ingest for /app/data/T0031/42903/b8539ai/LMSdt3-42903/version_keerthana/app/dashboard/notifications/page.tsx
2026-02-24 07:02:47,237 - Knowledge - INFO - [LLM_CALL] Completed: page.tsx:chunk1, Duration: 727ms, PromptTokens: 23976, CompletionTokens: 796, Cost: $0.00272
2026-02-24 07:02:47,420 - Knowledge - INFO - done ingest for /app/data/T0031/42903/b8539ai/LMSdt3-42903/version_keerthana/app/dashboard/calendar/page.tsx
2026-02-24 07:02:47,427 - Knowledge - INFO - [LLM_CALL] Completed: AiQuizModal.tsx:chunk1, Duration: 39114ms, PromptTokens: 6042, CompletionTokens: 368, Cost: $0.00075
2026-02-24 07:02:47,696 - Knowledge - INFO - done ingest for /app/data/T0031/42903/b8539ai/LMSdt3-42903/version_keerthana/components/learner/AiQuizModal.tsx
2026-02-24 07:02:47,737 - Knowledge - INFO - Processing batch of 6 files
2026-02-24 07:02:48,045 - Knowledge - INFO - process ingested knowledge for /app/data/T0031/42903/b8539ai/LMSdt3-42903/version_keerthana/FIX_CHUNK_LOAD_ERROR.md
2026-02-24 07:02:48,278 - Knowledge - INFO - [LLM_CALL] Completed: AssignmentTimeline.tsx:chunk1, Duration: 26993ms, PromptTokens: 2822, CompletionTokens: 329, Cost: $0.00041
2026-02-24 07:02:48,315 - Knowledge - INFO - process ingested knowledge for /app/data/T0031/42903/b8539ai/LMSdt3-42903/version_keerthana/AZURE_AD_IT_REQUEST.md
2026-02-24 07:02:48,487 - Knowledge - INFO - done ingest for /app/data/T0031/42903/b8539ai/LMSdt3-42903/version_keerthana/components/learner/AssignmentTimeline.tsx
2026-02-24 07:02:48,557 - Knowledge - INFO - process ingested knowledge for /app/data/T0031/42903/b8539ai/LMSdt3-42903/version_keerthana/postcss.config.js
2026-02-24 07:02:48,740 - Knowledge - INFO - Processing batch of 6 files
2026-02-24 07:02:48,761 - Knowledge - INFO - process ingested knowledge for /app/data/T0031/42903/b8539ai/LMSdt3-42903/version_keerthana/app/dashboard/page.tsx
2026-02-24 07:02:48,912 - Knowledge - INFO - process ingested knowledge for /app/data/T0031/42903/b8539ai/LMSdt3-42903/version_keerthana/components/learner/AssignmentStatusBadge.tsx
2026-02-24 07:02:49,031 - Knowledge - INFO - process ingested knowledge for /app/data/T0031/42903/b8539ai/LMSdt3-42903/version_keerthana/app/dashboard/notifications/page.tsx
2026-02-24 07:02:49,171 - Knowledge - INFO - process ingested knowledge for /app/data/T0031/42903/b8539ai/LMSdt3-42903/version_keerthana/components/learner/AiQuizModal.tsx
2026-02-24 07:02:49,257 - Knowledge - INFO - process ingested knowledge for /app/data/T0031/42903/b8539ai/LMSdt3-42903/version_keerthana/app/dashboard/calendar/page.tsx
2026-02-24 07:02:49,337 - Knowledge - INFO - process ingested knowledge for /app/data/T0031/42903/b8539ai/LMSdt3-42903/version_keerthana/components/learner/QuizzesSection.tsx
2026-02-24 07:02:49,550 - Knowledge - INFO - process ingested knowledge for /app/data/T0031/42903/b8539ai/LMSdt3-42903/version_keerthana/components/learner/AICoachingCard.tsx
2026-02-24 07:02:49,748 - Knowledge - INFO - process ingested knowledge for /app/data/T0031/42903/b8539ai/LMSdt3-42903/version_keerthana/components/learner/AssignmentTimeline.tsx
2026-02-24 07:02:49,944 - Knowledge - INFO - process ingested knowledge for /app/data/T0031/42903/b8539ai/LMSdt3-42903/version_keerthana/components/learner/LearnerLayoutClient.tsx
2026-02-24 07:02:50,096 - Knowledge - INFO - [WEBSOCKET] Sent: Type=progress_update, Size: 288, Duration: 0ms
2026-02-24 07:02:50,301 - Knowledge - INFO - [WEBSOCKET] Sent: Type=unknown, Size: ?, Duration: 206ms
2026-02-24 07:02:50,461 - Knowledge - INFO - Progress: 19.0% | Files: 78/411 | Rate: 1.02 files/sec | Queue: 225
2026-02-24 07:02:50,679 - Knowledge - INFO - [kw19] Queue=225, InProgress=0, PendingWorkers=20/20, Completed=78/411 (19.0%)
2026-02-24 07:02:50,813 - Knowledge - INFO - [kw15] Queue=225, InProgress=0, PendingWorkers=20/20, Completed=78/411 (19.0%)
2026-02-24 07:02:50,883 - Knowledge - INFO - Batch sizing: calculated=6, max_allowed=10, queue=225, active_workers=20/20
2026-02-24 07:02:51,019 - Knowledge - INFO - Batch sizing: calculated=6, max_allowed=10, queue=225, active_workers=20/20
2026-02-24 07:02:51,128 - Knowledge - INFO - Async storing batch of 6 embeddings
2026-02-24 07:02:51,238 - Knowledge - INFO - Async storing batch of 6 embeddings
2026-02-24 07:02:51,316 - Knowledge - INFO - Worker kw19 processing /app/data/T0031/42903/b8539ai/LMSdt3-42903/version_keerthana/QUICK_START.md
2026-02-24 07:02:51,432 - Knowledge - INFO - Worker kw15 processing /app/data/T0031/42903/b8539ai/LMSdt3-42903/version_keerthana/context/LearnerAssignmentsContext.tsx
2026-02-24 07:02:51,530 - Knowledge - INFO - Fast-tracked /app/data/T0031/42903/b8539ai/LMSdt3-42903/version_keerthana/QUICK_START.md (ext=.md, size=9598)
2026-02-24 07:02:51,650 - Knowledge - INFO - Worker kw15 processing /app/data/T0031/42903/b8539ai/LMSdt3-42903/version_keerthana/context/CanonicalStoreContext.tsx
2026-02-24 07:02:51,739 - Knowledge - INFO - Worker kw19 processing /app/data/T0031/42903/b8539ai/LMSdt3-42903/version_keerthana/tsconfig.json
2026-02-24 07:02:51,831 - Knowledge - INFO - Worker kw15 processing /app/data/T0031/42903/b8539ai/LMSdt3-42903/version_keerthana/types/next-auth.d.ts
2026-02-24 07:02:51,922 - Knowledge - INFO - Fast-tracked /app/data/T0031/42903/b8539ai/LMSdt3-42903/version_keerthana/tsconfig.json (ext=.json, size=713)
2026-02-24 07:02:51,993 - Knowledge - INFO - Fast-tracked /app/data/T0031/42903/b8539ai/LMSdt3-42903/version_keerthana/types/next-auth.d.ts (ext=.ts, size=682)
2026-02-24 07:02:52,119 - Knowledge - INFO - Worker kw19 processing /app/data/T0031/42903/b8539ai/LMSdt3-42903/version_keerthana/context/LearnerProgressContext.tsx
2026-02-24 07:02:52,216 - Knowledge - INFO - Worker kw15 processing /app/data/T0031/42903/b8539ai/LMSdt3-42903/version_keerthana/README.md
2026-02-24 07:02:52,297 - Knowledge - INFO - Fast-tracked /app/data/T0031/42903/b8539ai/LMSdt3-42903/version_keerthana/context/LearnerProgressContext.tsx (ext=.tsx, size=1780)
2026-02-24 07:02:52,412 - Knowledge - INFO - Fast-tracked /app/data/T0031/42903/b8539ai/LMSdt3-42903/version_keerthana/README.md (ext=.md, size=1450)
2026-02-24 07:02:52,550 - Knowledge - INFO - Worker kw19 processing /app/data/T0031/42903/b8539ai/LMSdt3-42903/version_keerthana/context/SidebarContext.tsx
2026-02-24 07:02:52,626 - Knowledge - INFO - Worker kw15 processing /app/data/T0031/42903/b8539ai/LMSdt3-42903/version_keerthana/middleware.ts
2026-02-24 07:02:52,773 - Knowledge - INFO - Fast-tracked /app/data/T0031/42903/b8539ai/LMSdt3-42903/version_keerthana/context/SidebarContext.tsx (ext=.tsx, size=645)
2026-02-24 07:02:52,873 - Knowledge - INFO - Worker kw15 processing /app/data/T0031/42903/b8539ai/LMSdt3-42903/version_keerthana/CSS_FIX_AND_STATUS.md
2026-02-24 07:02:52,957 - Knowledge - INFO - Worker kw19 processing /app/data/T0031/42903/b8539ai/LMSdt3-42903/version_keerthana/context/LearnerProgressPageContext.tsx
2026-02-24 07:02:53,057 - Knowledge - INFO - Fast-tracked /app/data/T0031/42903/b8539ai/LMSdt3-42903/version_keerthana/CSS_FIX_AND_STATUS.md (ext=.md, size=7173)
2026-02-24 07:02:53,156 - Knowledge - INFO - Fast-tracked /app/data/T0031/42903/b8539ai/LMSdt3-42903/version_keerthana/context/LearnerProgressPageContext.tsx (ext=.tsx, size=1164)
2026-02-24 07:02:53,270 - Knowledge - INFO - Fast-tracked /app/data/T0031/42903/b8539ai/LMSdt3-42903/version_keerthana/context/LearnerAssignmentsContext.tsx (small file (2325 bytes))
2026-02-24 07:02:53,402 - Knowledge - INFO - Worker kw19 processing /app/data/T0031/42903/b8539ai/LMSdt3-42903/version_keerthana/context/LearnerDashboardContext.tsx
2026-02-24 07:02:53,599 - Knowledge - INFO - Fast-tracked /app/data/T0031/42903/b8539ai/LMSdt3-42903/version_keerthana/context/LearnerDashboardContext.tsx (ext=.tsx, size=1197)
2026-02-24 07:02:53,777 - Knowledge - INFO - Async storage completed for 6 embeddings
2026-02-24 07:02:54,026 - Knowledge - INFO - Processing batch of 6 files
2026-02-24 07:02:54,175 - Knowledge - INFO - process ingested knowledge for /app/data/T0031/42903/b8539ai/LMSdt3-42903/version_keerthana/QUICK_START.md
2026-02-24 07:02:54,370 - Knowledge - INFO - process ingested knowledge for /app/data/T0031/42903/b8539ai/LMSdt3-42903/version_keerthana/tsconfig.json
2026-02-24 07:02:54,562 - Knowledge - INFO - process ingested knowledge for /app/data/T0031/42903/b8539ai/LMSdt3-42903/version_keerthana/context/LearnerProgressContext.tsx
2026-02-24 07:02:54,792 - Knowledge - INFO - process ingested knowledge for /app/data/T0031/42903/b8539ai/LMSdt3-42903/version_keerthana/context/SidebarContext.tsx
2026-02-24 07:02:54,941 - Knowledge - INFO - Fast-tracked /app/data/T0031/42903/b8539ai/LMSdt3-42903/version_keerthana/app/auth/pending/page.tsx (small file (2795 bytes))
2026-02-24 07:02:55,002 - Knowledge - INFO - process ingested knowledge for /app/data/T0031/42903/b8539ai/LMSdt3-42903/version_keerthana/context/LearnerProgressPageContext.tsx
2026-02-24 07:02:55,106 - Knowledge - INFO - Async storage completed for 6 embeddings
2026-02-24 07:02:55,201 - Knowledge - INFO - process ingested knowledge for /app/data/T0031/42903/b8539ai/LMSdt3-42903/version_keerthana/context/LearnerDashboardContext.tsx
2026-02-24 07:02:55,999 - Knowledge - INFO - Async storage completed for 6 embeddings
2026-02-24 07:02:56,064 - Knowledge - INFO - [kw19] Queue=213, InProgress=0, PendingWorkers=20/20, Completed=84/411 (20.4%)
2026-02-24 07:02:56,273 - Knowledge - INFO - Batch sizing: calculated=6, max_allowed=10, queue=213, active_workers=20/20
2026-02-24 07:02:56,490 - Knowledge - INFO - Async storing batch of 6 embeddings
2026-02-24 07:02:56,658 - Knowledge - INFO - Worker kw19 processing /app/data/T0031/42903/b8539ai/LMSdt3-42903/version_keerthana/eslint.config.mjs
2026-02-24 07:02:57,087 - Knowledge - INFO - Fast-tracked /app/data/T0031/42903/b8539ai/LMSdt3-42903/version_keerthana/eslint.config.mjs (ext=.mjs, size=465)
2026-02-24 07:02:57,223 - Knowledge - INFO - Fast-tracked /app/data/T0031/42903/b8539ai/LMSdt3-42903/version_keerthana/components/learner/LearningPathStepper.tsx (small file (2830 bytes))
2026-02-24 07:02:57,319 - Knowledge - INFO - Worker kw19 processing /app/data/T0031/42903/b8539ai/LMSdt3-42903/version_keerthana/tailwind.config.js
2026-02-24 07:02:57,592 - Knowledge - INFO - Fast-tracked /app/data/T0031/42903/b8539ai/LMSdt3-42903/version_keerthana/tailwind.config.js (ext=.js, size=969)
2026-02-24 07:02:57,835 - Knowledge - INFO - Worker kw19 processing /app/data/T0031/42903/b8539ai/LMSdt3-42903/version_keerthana/INTEGRATION_COMPLETE.md
2026-02-24 07:02:58,001 - Knowledge - INFO - Fast-tracked /app/data/T0031/42903/b8539ai/LMSdt3-42903/version_keerthana/INTEGRATION_COMPLETE.md (ext=.md, size=12833)
2026-02-24 07:02:58,252 - Knowledge - INFO - Worker kw19 processing /app/data/T0031/42903/b8539ai/LMSdt3-42903/version_keerthana/next.config.mjs
2026-02-24 07:02:58,833 - Knowledge - INFO - Fast-tracked /app/data/T0031/42903/b8539ai/LMSdt3-42903/version_keerthana/next.config.mjs (ext=.mjs, size=242)
2026-02-24 07:02:59,161 - Knowledge - INFO - Worker kw19 processing /app/data/T0031/42903/b8539ai/LMSdt3-42903/version_keerthana/lib/learnerProgressStore.ts
2026-02-24 07:02:59,462 - Knowledge - INFO - Worker kw19 processing /app/data/T0031/42903/b8539ai/LMSdt3-42903/version_keerthana/lib/learningPathPreferences.ts
2026-02-24 07:02:59,783 - Knowledge - INFO - [LLM_CALL] Completed: page.tsx:chunk1, Duration: 1064ms, PromptTokens: 18364, CompletionTokens: 523, Cost: $0.00205
2026-02-24 07:03:00,084 - Knowledge - INFO - done ingest for /app/data/T0031/42903/b8539ai/LMSdt3-42903/version_keerthana/app/auth/login/page.tsx
2026-02-24 07:03:00,327 - Knowledge - INFO - Processing batch of 6 files
2026-02-24 07:03:00,513 - Knowledge - INFO - process ingested knowledge for /app/data/T0031/42903/b8539ai/LMSdt3-42903/version_keerthana/app/courses/page.tsx
2026-02-24 07:03:00,861 - Knowledge - INFO - process ingested knowledge for /app/data/T0031/42903/b8539ai/LMSdt3-42903/version_keerthana/app/auth/signup/page.tsx
2026-02-24 07:03:01,072 - Knowledge - INFO - process ingested knowledge for /app/data/T0031/42903/b8539ai/LMSdt3-42903/version_keerthana/app/auth/signup/details/page.tsx
2026-02-24 07:03:01,258 - Knowledge - INFO - process ingested knowledge for /app/data/T0031/42903/b8539ai/LMSdt3-42903/version_keerthana/app/auth/login/page.tsx
2026-02-24 07:03:01,489 - Knowledge - INFO - process ingested knowledge for /app/data/T0031/42903/b8539ai/LMSdt3-42903/version_keerthana/app/auth/pending/page.tsx
2026-02-24 07:03:01,725 - Knowledge - INFO - process ingested knowledge for /app/data/T0031/42903/b8539ai/LMSdt3-42903/version_keerthana/app/page.tsx
2026-02-24 07:03:02,731 - Knowledge - INFO - [LLM_CALL] Completed: AILearningPathSection.tsx:chunk1, Duration: 47638ms, PromptTokens: 2260, CompletionTokens: 265, Cost: $0.00033
2026-02-24 07:03:02,934 - Knowledge - INFO - done ingest for /app/data/T0031/42903/b8539ai/LMSdt3-42903/version_keerthana/components/learner/AILearningPathSection.tsx
2026-02-24 07:03:03,190 - Knowledge - INFO - [WEBSOCKET] Sent: Type=progress_update, Size: 290, Duration: 0ms
2026-02-24 07:03:03,444 - Knowledge - INFO - [WEBSOCKET] Sent: Type=unknown, Size: ?, Duration: 254ms
2026-02-24 07:03:03,650 - Knowledge - INFO - Progress: 21.9% | Files: 90/411 | Rate: 1.00 files/sec | Queue: 207
2026-02-24 07:03:03,650 - Knowledge - INFO - [LLM_CALL] Completed: SetLearningTargetCard.tsx:chunk1, Duration: 29912ms, PromptTokens: 2368, CompletionTokens: 193, Cost: $0.00031
2026-02-24 07:03:03,835 - Knowledge - INFO - [kw4] Queue=207, InProgress=0, PendingWorkers=20/20, Completed=90/411 (21.9%)
2026-02-24 07:03:03,930 - Knowledge - INFO - done ingest for /app/data/T0031/42903/b8539ai/LMSdt3-42903/version_keerthana/components/learner/SetLearningTargetCard.tsx
2026-02-24 07:03:03,930 - Knowledge - INFO - [LLM_CALL] Completed: QuizInstructionsModal.tsx:chunk1, Duration: 28804ms, PromptTokens: 2786, CompletionTokens: 220, Cost: $0.00037
2026-02-24 07:03:04,029 - Knowledge - INFO - Batch sizing: calculated=6, max_allowed=10, queue=207, active_workers=20/20
2026-02-24 07:03:04,061 - Knowledge - INFO - Async storage completed for 6 embeddings
2026-02-24 07:03:04,198 - Knowledge - INFO - done ingest for /app/data/T0031/42903/b8539ai/LMSdt3-42903/version_keerthana/components/learner/quiz/QuizInstructionsModal.tsx
2026-02-24 07:03:04,415 - Knowledge - INFO - Async storing batch of 6 embeddings
2026-02-24 07:03:04,826 - Knowledge - INFO - Worker kw4 processing /app/data/T0031/42903/b8539ai/LMSdt3-42903/version_keerthana/lib/tealPalette.ts
2026-02-24 07:03:05,216 - Knowledge - INFO - Fast-tracked /app/data/T0031/42903/b8539ai/LMSdt3-42903/version_keerthana/lib/tealPalette.ts (ext=.ts, size=1093)
2026-02-24 07:03:05,414 - Knowledge - INFO - Worker kw4 processing /app/data/T0031/42903/b8539ai/LMSdt3-42903/version_keerthana/lib/api/quizzes.ts
2026-02-24 07:03:05,786 - Knowledge - INFO - Worker kw4 processing /app/data/T0031/42903/b8539ai/LMSdt3-42903/version_keerthana/lib/api/aiQuiz.ts
2026-02-24 07:03:06,025 - Knowledge - INFO - [LLM_CALL] Completed: AIMentorModal.tsx:chunk1, Duration: 63743ms, PromptTokens: 4064, CompletionTokens: 309, Cost: $0.00053
2026-02-24 07:03:06,067 - Knowledge - INFO - Fast-tracked /app/data/T0031/42903/b8539ai/LMSdt3-42903/version_keerthana/lib/api/aiQuiz.ts (ext=.ts, size=1945)
2026-02-24 07:03:06,369 - Knowledge - INFO - done ingest for /app/data/T0031/42903/b8539ai/LMSdt3-42903/version_keerthana/components/learner/AIMentorModal.tsx
2026-02-24 07:03:06,398 - Knowledge - INFO - [LLM_CALL] Completed: NetflixCoursesHub.tsx:chunk1, Duration: 46614ms, PromptTokens: 5718, CompletionTokens: 459, Cost: $0.00076
2026-02-24 07:03:06,578 - Knowledge - INFO - Worker kw4 processing /app/data/T0031/42903/b8539ai/LMSdt3-42903/version_keerthana/lib/api/enrollments.ts
2026-02-24 07:03:06,837 - Knowledge - INFO - done ingest for /app/data/T0031/42903/b8539ai/LMSdt3-42903/version_keerthana/components/learner/NetflixCoursesHub.tsx
2026-02-24 07:03:06,883 - Knowledge - INFO - [LLM_CALL] Completed: page.tsx:chunk1, Duration: 1203ms, PromptTokens: 4862, CompletionTokens: 242, Cost: $0.00058
2026-02-24 07:03:06,928 - Knowledge - INFO - Fast-tracked /app/data/T0031/42903/b8539ai/LMSdt3-42903/version_keerthana/lib/api/enrollments.ts (ext=.ts, size=656)
2026-02-24 07:03:07,194 - Knowledge - INFO - done ingest for /app/data/T0031/42903/b8539ai/LMSdt3-42903/version_keerthana/app/dashboard/learner/certificates/page.tsx
2026-02-24 07:03:07,303 - Knowledge - INFO - [LLM_CALL] Completed: AssignmentSubmission.tsx:chunk1, Duration: 70177ms, PromptTokens: 3952, CompletionTokens: 205, Cost: $0.00048
2026-02-24 07:03:07,312 - Knowledge - INFO - Worker kw4 processing /app/data/T0031/42903/b8539ai/LMSdt3-42903/version_keerthana/lib/api/client.ts
2026-02-24 07:03:07,538 - Knowledge - INFO - done ingest for /app/data/T0031/42903/b8539ai/LMSdt3-42903/version_keerthana/components/learner/AssignmentSubmission.tsx
2026-02-24 07:03:07,744 - Knowledge - INFO - Worker kw4 processing /app/data/T0031/42903/b8539ai/LMSdt3-42903/version_keerthana/lib/api/learnerCertificates.ts
2026-02-24 07:03:07,938 - Knowledge - INFO - Processing batch of 6 files
2026-02-24 07:03:08,085 - Knowledge - INFO - Fast-tracked /app/data/T0031/42903/b8539ai/LMSdt3-42903/version_keerthana/lib/api/learnerCertificates.ts (ext=.ts, size=542)
2026-02-24 07:03:08,217 - Knowledge - INFO - process ingested knowledge for /app/data/T0031/42903/b8539ai/LMSdt3-42903/version_keerthana/components/learner/AssignmentTable.tsx
2026-02-24 07:03:08,458 - Knowledge - INFO - Fast-tracked /app/data/T0031/42903/b8539ai/LMSdt3-42903/version_keerthana/lib/api/quizzes.ts (small file (2180 bytes))
2026-02-24 07:03:08,513 - Knowledge - INFO - process ingested knowledge for /app/data/T0031/42903/b8539ai/LMSdt3-42903/version_keerthana/components/learner/AssignmentSummaryCards.tsx
2026-02-24 07:03:08,859 - Knowledge - INFO - Fast-tracked /app/data/T0031/42903/b8539ai/LMSdt3-42903/version_keerthana/lib/api/client.ts (small file (2991 bytes))
2026-02-24 07:03:08,871 - Knowledge - INFO - process ingested knowledge for /app/data/T0031/42903/b8539ai/LMSdt3-42903/version_keerthana/components/learner/CourseFilterBar.tsx
2026-02-24 07:03:09,203 - Knowledge - INFO - Async storage completed for 6 embeddings
2026-02-24 07:03:09,215 - Knowledge - INFO - [LLM_CALL] Completed: CourseModuleQuizModal.tsx:chunk1, Duration: 64488ms, PromptTokens: 5872, CompletionTokens: 305, Cost: $0.00071
2026-02-24 07:03:09,356 - Knowledge - INFO - process ingested knowledge for /app/data/T0031/42903/b8539ai/LMSdt3-42903/version_keerthana/components/learner/AIMentorModal.tsx
2026-02-24 07:03:09,614 - Knowledge - INFO - done ingest for /app/data/T0031/42903/b8539ai/LMSdt3-42903/version_keerthana/components/learner/CourseModuleQuizModal.tsx
2026-02-24 07:03:09,628 - Knowledge - INFO - [LLM_CALL] Completed: route.ts:chunk1, Duration: 24954ms, PromptTokens: 2606, CompletionTokens: 275, Cost: $0.00037
2026-02-24 07:03:09,734 - Knowledge - INFO - process ingested knowledge for /app/data/T0031/42903/b8539ai/LMSdt3-42903/version_keerthana/components/learner/AILearningPathSection.tsx
2026-02-24 07:03:10,010 - Knowledge - INFO - done ingest for /app/data/T0031/42903/b8539ai/LMSdt3-42903/version_keerthana/app/api/auth/[...nextauth]/route.ts
2026-02-24 07:03:10,017 - Knowledge - INFO - [LLM_CALL] Completed: page.tsx:chunk1, Duration: 1433ms, PromptTokens: 21012, CompletionTokens: 718, Cost: $0.00239
2026-02-24 07:03:10,082 - Knowledge - INFO - process ingested knowledge for /app/data/T0031/42903/b8539ai/LMSdt3-42903/version_keerthana/components/learner/quiz/QuizInstructionsModal.tsx
2026-02-24 07:03:10,325 - Knowledge - INFO - done ingest for /app/data/T0031/42903/b8539ai/LMSdt3-42903/version_keerthana/app/dashboard/learner/settings/page.tsx
2026-02-24 07:03:10,404 - Knowledge - INFO - Processing batch of 6 files
2026-02-24 07:03:10,416 - Knowledge - INFO - Processing batch of 6 files
2026-02-24 07:03:10,417 - Knowledge - INFO - Processing batch of 6 files
2026-02-24 07:03:10,664 - Knowledge - INFO - process ingested knowledge for /app/data/T0031/42903/b8539ai/LMSdt3-42903/version_keerthana/lib/tealPalette.ts
2026-02-24 07:03:10,670 - Knowledge - INFO - Processing batch of 6 files
2026-02-24 07:03:10,741 - Knowledge - INFO - process ingested knowledge for /app/data/T0031/42903/b8539ai/LMSdt3-42903/version_keerthana/components/learner/AssignmentSubmission.tsx
2026-02-24 07:03:10,840 - Knowledge - INFO - process ingested knowledge for /app/data/T0031/42903/b8539ai/LMSdt3-42903/version_keerthana/app/api/auth/[...nextauth]/route.ts
2026-02-24 07:03:10,996 - Knowledge - INFO - process ingested knowledge for /app/data/T0031/42903/b8539ai/LMSdt3-42903/version_keerthana/lib/api/quizzes.ts
2026-02-24 07:03:11,048 - Knowledge - INFO - process ingested knowledge for /app/data/T0031/42903/b8539ai/LMSdt3-42903/version_keerthana/app/dashboard/learner/page.tsx
2026-02-24 07:03:11,168 - Knowledge - INFO - process ingested knowledge for /app/data/T0031/42903/b8539ai/LMSdt3-42903/version_keerthana/components/learner/CourseListRow.tsx
2026-02-24 07:03:11,287 - Knowledge - INFO - process ingested knowledge for /app/data/T0031/42903/b8539ai/LMSdt3-42903/version_keerthana/app/learner/page.tsx
2026-02-24 07:03:11,330 - Knowledge - INFO - [WEBSOCKET] Sent: Type=progress_update, Size: 290, Duration: 0ms
2026-02-24 07:03:11,380 - Knowledge - INFO - process ingested knowledge for /app/data/T0031/42903/b8539ai/LMSdt3-42903/version_keerthana/lib/api/aiQuiz.ts
2026-02-24 07:03:11,481 - Knowledge - INFO - process ingested knowledge for /app/data/T0031/42903/b8539ai/LMSdt3-42903/version_keerthana/app/dashboard/learner/notifications/page.tsx
2026-02-24 07:03:11,603 - Knowledge - INFO - process ingested knowledge for /app/data/T0031/42903/b8539ai/LMSdt3-42903/version_keerthana/components/learner/ContinueLearning.tsx
2026-02-24 07:03:11,681 - Knowledge - INFO - process ingested knowledge for /app/data/T0031/42903/b8539ai/LMSdt3-42903/version_keerthana/app/learner/certificates/page.tsx
2026-02-24 07:03:11,829 - Knowledge - INFO - [WEBSOCKET] Sent: Type=unknown, Size: ?, Duration: 499ms
2026-02-24 07:03:11,928 - Knowledge - INFO - process ingested knowledge for /app/data/T0031/42903/b8539ai/LMSdt3-42903/version_keerthana/lib/api/enrollments.ts
2026-02-24 07:03:12,013 - Knowledge - INFO - process ingested knowledge for /app/data/T0031/42903/b8539ai/LMSdt3-42903/version_keerthana/app/dashboard/learner/calendar/page.tsx
2026-02-24 07:03:12,127 - Knowledge - INFO - process ingested knowledge for /app/data/T0031/42903/b8539ai/LMSdt3-42903/version_keerthana/components/learner/CourseModuleQuizModal.tsx
2026-02-24 07:03:12,362 - Knowledge - INFO - process ingested knowledge for /app/data/T0031/42903/b8539ai/LMSdt3-42903/version_keerthana/app/learner/progress/page.tsx
2026-02-24 07:03:12,463 - Knowledge - INFO - Progress: 29.2% | Files: 120/411 | Rate: 1.22 files/sec | Queue: 201
2026-02-24 07:03:12,475 - Knowledge - INFO - [LLM_CALL] Completed: SkillsDistributionCard.tsx:chunk1, Duration: 70034ms, PromptTokens: 3488, CompletionTokens: 248, Cost: $0.00045
2026-02-24 07:03:12,576 - Knowledge - INFO - process ingested knowledge for /app/data/T0031/42903/b8539ai/LMSdt3-42903/version_keerthana/lib/api/client.ts
2026-02-24 07:03:12,693 - Knowledge - INFO - process ingested knowledge for /app/data/T0031/42903/b8539ai/LMSdt3-42903/version_keerthana/app/dashboard/learner/certificates/page.tsx
2026-02-24 07:03:12,843 - Knowledge - INFO - process ingested knowledge for /app/data/T0031/42903/b8539ai/LMSdt3-42903/version_keerthana/components/learner/NetflixCoursesHub.tsx
2026-02-24 07:03:12,976 - Knowledge - INFO - process ingested knowledge for /app/data/T0031/42903/b8539ai/LMSdt3-42903/version_keerthana/app/globals.css
2026-02-24 07:03:13,074 - Knowledge - INFO - [kw10] Queue=201, InProgress=0, PendingWorkers=20/20, Completed=120/411 (29.2%)
2026-02-24 07:03:13,177 - Knowledge - INFO - done ingest for /app/data/T0031/42903/b8539ai/LMSdt3-42903/version_keerthana/components/learner/SkillsDistributionCard.tsx
2026-02-24 07:03:13,289 - Knowledge - INFO - process ingested knowledge for /app/data/T0031/42903/b8539ai/LMSdt3-42903/version_keerthana/lib/api/learnerCertificates.ts
2026-02-24 07:03:13,410 - Knowledge - INFO - process ingested knowledge for /app/data/T0031/42903/b8539ai/LMSdt3-42903/version_keerthana/app/dashboard/learner/settings/page.tsx
2026-02-24 07:03:13,518 - Knowledge - INFO - process ingested knowledge for /app/data/T0031/42903/b8539ai/LMSdt3-42903/version_keerthana/components/learner/SetLearningTargetCard.tsx
2026-02-24 07:03:13,597 - Knowledge - INFO - process ingested knowledge for /app/data/T0031/42903/b8539ai/LMSdt3-42903/version_keerthana/app/layout.tsx
2026-02-24 07:03:13,697 - Knowledge - INFO - Batch sizing: calculated=6, max_allowed=10, queue=201, active_workers=20/20
2026-02-24 07:03:14,174 - Knowledge - INFO - process ingested knowledge for /app/data/T0031/42903/b8539ai/LMSdt3-42903/version_keerthana/app/dashboard/learner/quiz/[id]/review/page.tsx
2026-02-24 07:03:14,471 - Knowledge - INFO - [LLM_CALL] Completed: TakeInstructorQuizModal.tsx:chunk1, Duration: 60644ms, PromptTokens: 4402, CompletionTokens: 282, Cost: $0.00055
2026-02-24 07:03:14,636 - Knowledge - INFO - Fast-tracked /app/data/T0031/42903/b8539ai/LMSdt3-42903/version_keerthana/lib/learningPathPreferences.ts (small file (2119 bytes))
2026-02-24 07:03:14,746 - Knowledge - INFO - done ingest for /app/data/T0031/42903/b8539ai/LMSdt3-42903/version_keerthana/components/learner/TakeInstructorQuizModal.tsx
2026-02-24 07:03:14,761 - Knowledge - INFO - Async storing batch of 6 embeddings
2026-02-24 07:03:14,850 - Knowledge - INFO - Async storage completed for 6 embeddings
2026-02-24 07:03:14,916 - Knowledge - INFO - Fast-tracked /app/data/T0031/42903/b8539ai/LMSdt3-42903/version_keerthana/components/learner/quiz/QuizSubmissionModal.tsx (small file (2547 bytes))
2026-02-24 07:03:15,149 - Knowledge - INFO - Worker kw10 processing /app/data/T0031/42903/b8539ai/LMSdt3-42903/version_keerthana/lib/api/lessons.ts
2026-02-24 07:03:15,312 - Knowledge - INFO - [LLM_CALL] Completed: AddUserToTeamButton.tsx:chunk1, Duration: 44575ms, PromptTokens: 3356, CompletionTokens: 233, Cost: $0.00043
2026-02-24 07:03:15,476 - Knowledge - INFO - Async storage completed for 6 embeddings
2026-02-24 07:03:15,631 - Knowledge - INFO - Worker kw10 processing /app/data/T0031/42903/b8539ai/LMSdt3-42903/version_keerthana/lib/api/activity.ts
2026-02-24 07:03:15,753 - Knowledge - INFO - done ingest for /app/data/T0031/42903/b8539ai/LMSdt3-42903/version_keerthana/components/manager/AddUserToTeamButton.tsx
2026-02-24 07:03:15,753 - Knowledge - INFO - [LLM_CALL] Completed: QuizProgressSection.tsx:chunk1, Duration: 28333ms, PromptTokens: 5846, CompletionTokens: 278, Cost: $0.00070
2026-02-24 07:03:15,984 - Knowledge - INFO - Fast-tracked /app/data/T0031/42903/b8539ai/LMSdt3-42903/version_keerthana/lib/api/activity.ts (ext=.ts, size=1239)
2026-02-24 07:03:16,178 - Knowledge - INFO - done ingest for /app/data/T0031/42903/b8539ai/LMSdt3-42903/version_keerthana/components/learner/progress/QuizProgressSection.tsx
2026-02-24 07:03:16,307 - Knowledge - INFO - Worker kw10 processing /app/data/T0031/42903/b8539ai/LMSdt3-42903/version_keerthana/lib/api/instructor.ts
2026-02-24 07:03:16,628 - Knowledge - INFO - Worker kw10 processing /app/data/T0031/42903/b8539ai/LMSdt3-42903/version_keerthana/lib/api/courseRequests.ts
2026-02-24 07:03:17,164 - Knowledge - INFO - Fast-tracked /app/data/T0031/42903/b8539ai/LMSdt3-42903/version_keerthana/middleware.ts (small file (2552 bytes))
2026-02-24 07:03:17,331 - Knowledge - INFO - [LLM_CALL] Completed: ManagerPerformanceBot.tsx:chunk1, Duration: 30978ms, PromptTokens: 3914, CompletionTokens: 334, Cost: $0.00052
2026-02-24 07:03:17,387 - Knowledge - INFO - Fast-tracked /app/data/T0031/42903/b8539ai/LMSdt3-42903/version_keerthana/lib/api/courseRequests.ts (ext=.ts, size=1587)
2026-02-24 07:03:17,477 - Knowledge - INFO - Async storage completed for 6 embeddings
2026-02-24 07:03:17,700 - Knowledge - INFO - done ingest for /app/data/T0031/42903/b8539ai/LMSdt3-42903/version_keerthana/components/manager/ManagerPerformanceBot.tsx
2026-02-24 07:03:17,719 - Knowledge - INFO - [LLM_CALL] Completed: AssignmentProgressSection.tsx:chunk1, Duration: 48217ms, PromptTokens: 5012, CompletionTokens: 236, Cost: $0.00060
2026-02-24 07:03:17,793 - Knowledge - INFO - Worker kw10 processing /app/data/T0031/42903/b8539ai/LMSdt3-42903/version_keerthana/lib/api/learningPath.ts
2026-02-24 07:03:18,244 - Knowledge - INFO - done ingest for /app/data/T0031/42903/b8539ai/LMSdt3-42903/version_keerthana/components/learner/progress/AssignmentProgressSection.tsx
2026-02-24 07:03:18,349 - Knowledge - INFO - Fast-tracked /app/data/T0031/42903/b8539ai/LMSdt3-42903/version_keerthana/lib/api/learningPath.ts (ext=.ts, size=1334)
2026-02-24 07:03:18,688 - Knowledge - INFO - Worker kw10 processing /app/data/T0031/42903/b8539ai/LMSdt3-42903/version_keerthana/lib/api/learnerAssignments.ts
2026-02-24 07:03:18,818 - Knowledge - INFO - [LLM_CALL] Completed: InstructorCoTeacherModal.tsx:chunk1, Duration: 69789ms, PromptTokens: 3998, CompletionTokens: 253, Cost: $0.00050
2026-02-24 07:03:19,001 - Knowledge - INFO - Fast-tracked /app/data/T0031/42903/b8539ai/LMSdt3-42903/version_keerthana/lib/api/learnerAssignments.ts (ext=.ts, size=1384)
2026-02-24 07:03:19,121 - Knowledge - INFO - done ingest for /app/data/T0031/42903/b8539ai/LMSdt3-42903/version_keerthana/components/instructor/InstructorCoTeacherModal.tsx
2026-02-24 07:03:20,062 - Knowledge - INFO - [LLM_CALL] Completed: learnerProgressStore.ts:chunk1, Duration: 19978ms, PromptTokens: 6932, CompletionTokens: 530, Cost: $0.00091
2026-02-24 07:03:20,254 - Knowledge - INFO - done ingest for /app/data/T0031/42903/b8539ai/LMSdt3-42903/version_keerthana/lib/learnerProgressStore.ts
2026-02-24 07:03:20,298 - Knowledge - INFO - [kw4] Queue=195, InProgress=0, PendingWorkers=20/20, Completed=123/411 (29.9%)
2026-02-24 07:03:20,562 - Knowledge - INFO - Batch sizing: calculated=5, max_allowed=10, queue=195, active_workers=20/20
2026-02-24 07:03:20,562 - Knowledge - INFO - [kw8] Queue=195, InProgress=0, PendingWorkers=20/20, Completed=123/411 (29.9%)
2026-02-24 07:03:20,702 - Knowledge - INFO - [kw17] Queue=195, InProgress=0, PendingWorkers=20/20, Completed=127/411 (30.9%)
2026-02-24 07:03:20,707 - Knowledge - INFO - [kw5] Queue=195, InProgress=0, PendingWorkers=20/20, Completed=127/411 (30.9%)
2026-02-24 07:03:20,824 - Knowledge - INFO - Async storing batch of 6 embeddings
2026-02-24 07:03:21,025 - Knowledge - INFO - Batch sizing: calculated=5, max_allowed=10, queue=195, active_workers=20/20
2026-02-24 07:03:21,244 - Knowledge - INFO - Processing batch of 6 files
2026-02-24 07:03:21,256 - Knowledge - INFO - Batch sizing: calculated=5, max_allowed=10, queue=195, active_workers=20/20
2026-02-24 07:03:21,295 - Knowledge - INFO - Processing batch of 6 files
2026-02-24 07:03:21,366 - Knowledge - INFO - Batch sizing: calculated=5, max_allowed=10, queue=195, active_workers=20/20
2026-02-24 07:03:21,502 - Knowledge - INFO - Worker kw4 processing /app/data/T0031/42903/b8539ai/LMSdt3-42903/version_keerthana/lib/api/progress.ts
2026-02-24 07:03:21,517 - Knowledge - INFO - Processing batch of 6 files
2026-02-24 07:03:21,608 - Knowledge - INFO - Async storing batch of 6 embeddings
2026-02-24 07:03:21,686 - Knowledge - INFO - process ingested knowledge for /app/data/T0031/42903/b8539ai/LMSdt3-42903/version_keerthana/eslint.config.mjs
2026-02-24 07:03:21,791 - Knowledge - INFO - Async storing batch of 6 embeddings
2026-02-24 07:03:21,970 - Knowledge - INFO - process ingested knowledge for /app/data/T0031/42903/b8539ai/LMSdt3-42903/version_keerthana/components/learner/SkillsDistributionCard.tsx
2026-02-24 07:03:22,118 - Knowledge - INFO - Async storing batch of 6 embeddings
2026-02-24 07:03:22,303 - Knowledge - INFO - Fast-tracked /app/data/T0031/42903/b8539ai/LMSdt3-42903/version_keerthana/lib/api/progress.ts (ext=.ts, size=1734)
2026-02-24 07:03:22,376 - Knowledge - INFO - process ingested knowledge for /app/data/T0031/42903/b8539ai/LMSdt3-42903/version_keerthana/components/instructor/InstructorSidebar.tsx
2026-02-24 07:03:22,581 - Knowledge - INFO - Worker kw8 processing /app/data/T0031/42903/b8539ai/LMSdt3-42903/version_keerthana/lib/api/courses.ts
2026-02-24 07:03:22,658 - Knowledge - INFO - [LLM_CALL] Completed: page.tsx:chunk1, Duration: 4028ms, PromptTokens: 5510, CompletionTokens: 305, Cost: $0.00067
2026-02-24 07:03:22,675 - Knowledge - INFO - process ingested knowledge for /app/data/T0031/42903/b8539ai/LMSdt3-42903/version_keerthana/tailwind.config.js
2026-02-24 07:03:22,715 - Knowledge - INFO - Async storage completed for 6 embeddings
2026-02-24 07:03:22,751 - Knowledge - INFO - Worker kw17 processing /app/data/T0031/42903/b8539ai/LMSdt3-42903/version_keerthana/lib/api/aiAssignmentGrade.ts
2026-02-24 07:03:22,831 - Knowledge - INFO - process ingested knowledge for /app/data/T0031/42903/b8539ai/LMSdt3-42903/version_keerthana/components/learner/Achievements.tsx
2026-02-24 07:03:22,910 - Knowledge - INFO - Worker kw5 processing /app/data/T0031/42903/b8539ai/LMSdt3-42903/version_keerthana/lib/api/notifications.ts
2026-02-24 07:03:22,986 - Knowledge - INFO - Worker kw4 processing /app/data/T0031/42903/b8539ai/LMSdt3-42903/version_keerthana/lib/api/learnerDashboard.ts
2026-02-24 07:03:23,070 - Knowledge - INFO - process ingested knowledge for /app/data/T0031/42903/b8539ai/LMSdt3-42903/version_keerthana/components/instructor/InstructorCoTeacherModal.tsx
2026-02-24 07:03:23,179 - Knowledge - INFO - Worker kw8 processing /app/data/T0031/42903/b8539ai/LMSdt3-42903/version_keerthana/lib/api/media.ts
2026-02-24 07:03:23,306 - Knowledge - INFO - done ingest for /app/data/T0031/42903/b8539ai/LMSdt3-42903/version_keerthana/app/dashboard/instructor/page.tsx
2026-02-24 07:03:23,306 - Knowledge - INFO - [LLM_CALL] Completed: CanonicalStoreContext.tsx:chunk1, Duration: 29816ms, PromptTokens: 2508, CompletionTokens: 438, Cost: $0.00043
2026-02-24 07:03:23,387 - Knowledge - INFO - process ingested knowledge for /app/data/T0031/42903/b8539ai/LMSdt3-42903/version_keerthana/INTEGRATION_COMPLETE.md
2026-02-24 07:03:23,704 - Knowledge - INFO - Fast-tracked /app/data/T0031/42903/b8539ai/LMSdt3-42903/version_keerthana/lib/api/aiAssignmentGrade.ts (ext=.ts, size=589)
2026-02-24 07:03:23,777 - Knowledge - INFO - process ingested knowledge for /app/data/T0031/42903/b8539ai/LMSdt3-42903/version_keerthana/components/learner/TakeInstructorQuizModal.tsx
2026-02-24 07:03:23,858 - Knowledge - INFO - Fast-tracked /app/data/T0031/42903/b8539ai/LMSdt3-42903/version_keerthana/lib/api/notifications.ts (ext=.ts, size=1291)
2026-02-24 07:03:23,968 - Knowledge - INFO - Split /app/data/T0031/42903/b8539ai/LMSdt3-42903/version_keerthana/app/dashboard/instructor/courses/[id]/page.tsx (76242 bytes) into 3 chunks of ~32KB
2026-02-24 07:03:23,971 - Knowledge - INFO - Fast-tracked /app/data/T0031/42903/b8539ai/LMSdt3-42903/version_keerthana/lib/api/learnerDashboard.ts (ext=.ts, size=765)
2026-02-24 07:03:24,076 - Knowledge - INFO - process ingested knowledge for /app/data/T0031/42903/b8539ai/LMSdt3-42903/version_keerthana/components/manager/ManagerSidebar.tsx
2026-02-24 07:03:24,166 - Knowledge - INFO - Worker kw8 processing /app/data/T0031/42903/b8539ai/LMSdt3-42903/version_keerthana/lib/api/recommendations.ts
2026-02-24 07:03:24,422 - Knowledge - INFO - done ingest for /app/data/T0031/42903/b8539ai/LMSdt3-42903/version_keerthana/context/CanonicalStoreContext.tsx
2026-02-24 07:03:24,525 - Knowledge - INFO - process ingested knowledge for /app/data/T0031/42903/b8539ai/LMSdt3-42903/version_keerthana/next.config.mjs
2026-02-24 07:03:24,599 - Knowledge - INFO - Worker kw17 processing /app/data/T0031/42903/b8539ai/LMSdt3-42903/version_keerthana/lib/api/auth.ts
2026-02-24 07:03:24,691 - Knowledge - INFO - process ingested knowledge for /app/data/T0031/42903/b8539ai/LMSdt3-42903/version_keerthana/components/learner/UpcomingTasks.tsx
2026-02-24 07:03:24,783 - Knowledge - INFO - Worker kw5 processing /app/data/T0031/42903/b8539ai/LMSdt3-42903/version_keerthana/lib/canonicalStore.ts
2026-02-24 07:03:25,058 - Knowledge - INFO - Worker kw4 processing /app/data/T0031/42903/b8539ai/LMSdt3-42903/version_keerthana/lib/api/learningProfile.ts
2026-02-24 07:03:25,157 - Knowledge - INFO - process ingested knowledge for /app/data/T0031/42903/b8539ai/LMSdt3-42903/version_keerthana/components/manager/AddUserToTeamButton.tsx
2026-02-24 07:03:25,292 - Knowledge - INFO - Fast-tracked /app/data/T0031/42903/b8539ai/LMSdt3-42903/version_keerthana/lib/api/recommendations.ts (ext=.ts, size=1150)
2026-02-24 07:03:25,604 - Knowledge - INFO - process ingested knowledge for /app/data/T0031/42903/b8539ai/LMSdt3-42903/version_keerthana/lib/learnerProgressStore.ts
2026-02-24 07:03:25,805 - Knowledge - INFO - Worker kw17 processing /app/data/T0031/42903/b8539ai/LMSdt3-42903/version_keerthana/lib/api/users.ts
2026-02-24 07:03:25,898 - Knowledge - INFO - process ingested knowledge for /app/data/T0031/42903/b8539ai/LMSdt3-42903/version_keerthana/components/learner/progress/AssignmentProgressSection.tsx
2026-02-24 07:03:26,028 - Knowledge - INFO - Processing batch of 6 files
2026-02-24 07:03:26,030 - Knowledge - INFO - Worker kw5 processing /app/data/T0031/42903/b8539ai/LMSdt3-42903/version_keerthana/lib/mockData.ts
2026-02-24 07:03:26,274 - Knowledge - INFO - Fast-tracked /app/data/T0031/42903/b8539ai/LMSdt3-42903/version_keerthana/lib/api/learningProfile.ts (ext=.ts, size=750)
2026-02-24 07:03:26,305 - Knowledge - INFO - process ingested knowledge for /app/data/T0031/42903/b8539ai/LMSdt3-42903/version_keerthana/components/manager/ManagerPerformanceBot.tsx
2026-02-24 07:03:26,399 - Knowledge - INFO - Worker kw8 processing /app/data/T0031/42903/b8539ai/LMSdt3-42903/version_keerthana/lib/api/aiAssignmentFeedback.ts
2026-02-24 07:03:26,559 - Knowledge - INFO - process ingested knowledge for /app/data/T0031/42903/b8539ai/LMSdt3-42903/version_keerthana/lib/learningPathPreferences.ts
2026-02-24 07:03:26,681 - Knowledge - INFO - [LLM_CALL] Completed: page.tsx:chunk1, Duration: 1682ms, PromptTokens: 8984, CompletionTokens: 332, Cost: $0.00103
2026-02-24 07:03:26,712 - Knowledge - INFO - Worker kw17 processing /app/data/T0031/42903/b8539ai/LMSdt3-42903/version_keerthana/lib/api/calendar.ts
2026-02-24 07:03:26,950 - Knowledge - INFO - process ingested knowledge for /app/data/T0031/42903/b8539ai/LMSdt3-42903/version_keerthana/components/learner/progress/QuizProgressSection.tsx
2026-02-24 07:03:26,957 - Knowledge - INFO - process ingested knowledge for /app/data/T0031/42903/b8539ai/LMSdt3-42903/version_keerthana/context/LearnerAssignmentsContext.tsx
2026-02-24 07:03:26,991 - Knowledge - INFO - Async storage completed for 6 embeddings
2026-02-24 07:03:27,152 - Knowledge - INFO - Fast-tracked /app/data/T0031/42903/b8539ai/LMSdt3-42903/version_keerthana/lib/mockData.ts (ext=.ts, size=908)
2026-02-24 07:03:27,286 - Knowledge - INFO - Worker kw4 processing /app/data/T0031/42903/b8539ai/LMSdt3-42903/version_keerthana/lib/api/quizIntegrationExample.ts
2026-02-24 07:03:27,497 - Knowledge - INFO - process ingested knowledge for /app/data/T0031/42903/b8539ai/LMSdt3-42903/version_keerthana/components/shared/RoleHeader.tsx
2026-02-24 07:03:27,655 - Knowledge - INFO - Fast-tracked /app/data/T0031/42903/b8539ai/LMSdt3-42903/version_keerthana/lib/api/aiAssignmentFeedback.ts (ext=.ts, size=661)
2026-02-24 07:03:27,969 - Knowledge - INFO - done ingest for /app/data/T0031/42903/b8539ai/LMSdt3-42903/version_keerthana/app/dashboard/instructor/settings/page.tsx
2026-02-24 07:03:28,128 - Knowledge - INFO - Worker kw17 processing /app/data/T0031/42903/b8539ai/LMSdt3-42903/version_keerthana/lib/api/ai.ts
2026-02-24 07:03:28,339 - Knowledge - INFO - done ingest for /app/data/T0031/42903/b8539ai/LMSdt3-42903/version_keerthana/app/dashboard/admin/certificates/page.tsx
2026-02-24 07:03:28,727 - Knowledge - INFO - Worker kw5 processing /app/data/T0031/42903/b8539ai/LMSdt3-42903/version_keerthana/lib/localEnrollments.ts
2026-02-24 07:03:28,859 - Knowledge - INFO - process ingested knowledge for /app/data/T0031/42903/b8539ai/LMSdt3-42903/version_keerthana/context/CanonicalStoreContext.tsx
2026-02-24 07:03:28,873 - Knowledge - INFO - Worker kw4 processing /app/data/T0031/42903/b8539ai/LMSdt3-42903/version_keerthana/lib/api/adapters.ts
2026-02-24 07:03:29,076 - Knowledge - INFO - Worker kw8 processing /app/data/T0031/42903/b8539ai/LMSdt3-42903/version_keerthana/lib/api/learnerProgress.ts
2026-02-24 07:03:29,366 - Knowledge - INFO - [LLM_CALL] Completed: LearningPathProgress.tsx:chunk1, Duration: 55190ms, PromptTokens: 5092, CompletionTokens: 254, Cost: $0.00061
2026-02-24 07:03:29,559 - Knowledge - INFO - Fast-tracked /app/data/T0031/42903/b8539ai/LMSdt3-42903/version_keerthana/lib/localEnrollments.ts (ext=.ts, size=1337)
2026-02-24 07:03:29,842 - Knowledge - INFO - Async storage completed for 6 embeddings
2026-02-24 07:03:29,899 - Knowledge - INFO - Fast-tracked /app/data/T0031/42903/b8539ai/LMSdt3-42903/version_keerthana/lib/api/courses.ts (small file (2646 bytes))
2026-02-24 07:03:29,991 - Knowledge - INFO - done ingest for /app/data/T0031/42903/b8539ai/LMSdt3-42903/version_keerthana/components/learner/progress/LearningPathProgress.tsx
2026-02-24 07:03:29,996 - Knowledge - INFO - [LLM_CALL] Completed: QuizResultScreen.tsx:chunk1, Duration: 44349ms, PromptTokens: 2914, CompletionTokens: 240, Cost: $0.00039
2026-02-24 07:03:30,065 - Knowledge - INFO - Worker kw5 processing /app/data/T0031/42903/b8539ai/LMSdt3-42903/version_keerthana/lib/fullstackCourseOrder.ts
2026-02-24 07:03:30,148 - Knowledge - INFO - process ingested knowledge for /app/data/T0031/42903/b8539ai/LMSdt3-42903/version_keerthana/types/next-auth.d.ts
2026-02-24 07:03:30,405 - Knowledge - INFO - Fast-tracked /app/data/T0031/42903/b8539ai/LMSdt3-42903/version_keerthana/lib/api/media.ts (small file (2586 bytes))
2026-02-24 07:03:30,566 - Knowledge - INFO - done ingest for /app/data/T0031/42903/b8539ai/LMSdt3-42903/version_keerthana/components/learner/quiz/QuizResultScreen.tsx
2026-02-24 07:03:30,822 - Knowledge - INFO - Fast-tracked /app/data/T0031/42903/b8539ai/LMSdt3-42903/version_keerthana/lib/fullstackCourseOrder.ts (ext=.ts, size=908)
2026-02-24 07:03:31,166 - Knowledge - INFO - Fast-tracked /app/data/T0031/42903/b8539ai/LMSdt3-42903/version_keerthana/lib/api/learnerProgress.ts (small file (2494 bytes))
2026-02-24 07:03:31,491 - Knowledge - INFO - Async storage completed for 6 embeddings
2026-02-24 07:03:31,643 - Knowledge - INFO - process ingested knowledge for /app/data/T0031/42903/b8539ai/LMSdt3-42903/version_keerthana/README.md
2026-02-24 07:03:32,200 - Knowledge - INFO - [WEBSOCKET] Sent: Type=progress_update, Size: 292, Duration: 0ms
2026-02-24 07:03:32,970 - Knowledge - INFO - [WEBSOCKET] Sent: Type=unknown, Size: ?, Duration: 770ms
2026-02-24 07:03:33,229 - Knowledge - INFO - process ingested knowledge for /app/data/T0031/42903/b8539ai/LMSdt3-42903/version_keerthana/middleware.ts
2026-02-24 07:03:33,279 - Knowledge - INFO - Progress: 35.0% | Files: 145/411 | Rate: 1.23 files/sec | Queue: 175
2026-02-24 07:03:33,356 - Knowledge - INFO - [LLM_CALL] Completed: QuizReviewScreen.tsx:chunk1, Duration: 93761ms, PromptTokens: 3356, CompletionTokens: 269, Cost: $0.00044
2026-02-24 07:03:33,870 - Knowledge - INFO - done ingest for /app/data/T0031/42903/b8539ai/LMSdt3-42903/version_keerthana/components/learner/quiz/QuizReviewScreen.tsx
2026-02-24 07:03:33,980 - Knowledge - INFO - process ingested knowledge for /app/data/T0031/42903/b8539ai/LMSdt3-42903/version_keerthana/CSS_FIX_AND_STATUS.md
2026-02-24 07:03:34,015 - Knowledge - INFO - [kw19] Queue=175, InProgress=0, PendingWorkers=20/20, Completed=145/411 (35.3%)
2026-02-24 07:03:34,036 - Knowledge - INFO - [LLM_CALL] Completed: NextStepsRecommendations.tsx:chunk1, Duration: 89286ms, PromptTokens: 4784, CompletionTokens: 245, Cost: $0.00058
2026-02-24 07:03:34,036 - Knowledge - INFO - [kw12] Queue=175, InProgress=0, PendingWorkers=20/20, Completed=145/411 (35.3%)
2026-02-24 07:03:34,447 - Knowledge - INFO - Batch sizing: calculated=5, max_allowed=10, queue=175, active_workers=20/20
2026-02-24 07:03:34,582 - Knowledge - INFO - done ingest for /app/data/T0031/42903/b8539ai/LMSdt3-42903/version_keerthana/components/learner/progress/NextStepsRecommendations.tsx
2026-02-24 07:03:34,735 - Knowledge - INFO - Batch sizing: calculated=5, max_allowed=10, queue=175, active_workers=20/20
2026-02-24 07:03:35,479 - Knowledge - INFO - [kw18] Queue=175, InProgress=0, PendingWorkers=20/20, Completed=147/411 (35.8%)
2026-02-24 07:03:35,546 - Knowledge - INFO - Async storing batch of 6 embeddings
2026-02-24 07:03:35,622 - Knowledge - INFO - Async storing batch of 6 embeddings
2026-02-24 07:03:35,907 - Knowledge - INFO - Batch sizing: calculated=5, max_allowed=10, queue=175, active_workers=20/20
2026-02-24 07:03:36,057 - Knowledge - INFO - Worker kw19 processing /app/data/T0031/42903/b8539ai/LMSdt3-42903/version_3/backend_backup/lms_frontend_src_pages_DashboardPage.js.json
2026-02-24 07:03:36,339 - Knowledge - INFO - [LLM_CALL] Completed: page.tsx:chunk1, Duration: 3050ms, PromptTokens: 16486, CompletionTokens: 417, Cost: $0.00182
2026-02-24 07:03:36,369 - Knowledge - INFO - Worker kw12 processing /app/data/T0031/42903/b8539ai/LMSdt3-42903/version_keerthana/lib/currentUser.ts
2026-02-24 07:03:36,717 - Knowledge - INFO - Fast-tracked /app/data/T0031/42903/b8539ai/LMSdt3-42903/version_3/backend_backup/lms_frontend_src_pages_DashboardPage.js.json (ext=.json, size=1562)
2026-02-24 07:03:36,895 - Knowledge - INFO - done ingest for /app/data/T0031/42903/b8539ai/LMSdt3-42903/version_keerthana/app/dashboard/instructor/assessments/page.tsx
2026-02-24 07:03:36,898 - Knowledge - INFO - Async storing batch of 6 embeddings
2026-02-24 07:03:36,936 - Knowledge - INFO - [LLM_CALL] Completed: QuizTakingScreen.tsx:chunk1, Duration: 73004ms, PromptTokens: 5900, CompletionTokens: 345, Cost: $0.00073
2026-02-24 07:03:37,189 - Knowledge - INFO - Worker kw12 processing /app/data/T0031/42903/b8539ai/LMSdt3-42903/version_keerthana/lib/documentExtract.ts
2026-02-24 07:03:37,198 - Knowledge - INFO - Worker kw19 processing /app/data/T0031/42903/b8539ai/LMSdt3-42903/version_3/backend_backup/lms_frontend_src_api_lessons.js.json
2026-02-24 07:03:37,509 - Knowledge - INFO - Async storage completed for 6 embeddings
2026-02-24 07:03:37,599 - Knowledge - INFO - Worker kw18 processing /app/data/T0031/42903/b8539ai/LMSdt3-42903/version_3/backend_backup/lms_frontend_src_components_CourseGallery.js.json
2026-02-24 07:03:37,738 - Knowledge - INFO - done ingest for /app/data/T0031/42903/b8539ai/LMSdt3-42903/version_keerthana/components/learner/quiz/QuizTakingScreen.tsx
2026-02-24 07:03:37,778 - Knowledge - INFO - [LLM_CALL] Completed: CourseBreakdown.tsx:chunk1, Duration: 80468ms, PromptTokens: 4748, CompletionTokens: 278, Cost: $0.00059
2026-02-24 07:03:37,879 - Knowledge - INFO - Worker kw12 processing /app/data/T0031/42903/b8539ai/LMSdt3-42903/version_keerthana/public/course-resources/README.md
2026-02-24 07:03:38,009 - Knowledge - INFO - Fast-tracked /app/data/T0031/42903/b8539ai/LMSdt3-42903/version_3/backend_backup/lms_frontend_src_api_lessons.js.json (ext=.json, size=1338)
2026-02-24 07:03:38,293 - Knowledge - INFO - Fast-tracked /app/data/T0031/42903/b8539ai/LMSdt3-42903/version_3/backend_backup/lms_frontend_src_components_CourseGallery.js.json (ext=.json, size=3595)
2026-02-24 07:03:38,562 - Knowledge - INFO - done ingest for /app/data/T0031/42903/b8539ai/LMSdt3-42903/version_keerthana/components/learner/progress/CourseBreakdown.tsx
2026-02-24 07:03:38,576 - Knowledge - INFO - done ingest for /app/data/T0031/42903/b8539ai/LMSdt3-42903/version_keerthana/app/dashboard/admin/assessments/page.tsx
2026-02-24 07:03:38,620 - Knowledge - INFO - Processing batch of 5 files
2026-02-24 07:03:38,818 - Knowledge - INFO - Fast-tracked /app/data/T0031/42903/b8539ai/LMSdt3-42903/version_keerthana/public/course-resources/README.md (ext=.md, size=480)
2026-02-24 07:03:38,831 - Knowledge - INFO - [LLM_CALL] Completed: page.tsx:chunk1, Duration: 133ms, PromptTokens: 4104, CompletionTokens: 313, Cost: $0.00054
2026-02-24 07:03:38,884 - Knowledge - INFO - Worker kw19 processing /app/data/T0031/42903/b8539ai/LMSdt3-42903/version_3/backend_backup/lms_frontend_src_api_client.js.json
2026-02-24 07:03:39,031 - Knowledge - INFO - Worker kw18 processing /app/data/T0031/42903/b8539ai/LMSdt3-42903/version_3/backend_backup/lms_frontend_package.json.json
2026-02-24 07:03:39,591 - Knowledge - INFO - process ingested knowledge for /app/data/T0031/42903/b8539ai/LMSdt3-42903/version_keerthana/lib/api/courses.ts
2026-02-24 07:03:39,738 - Knowledge - INFO - Worker kw12 processing /app/data/T0031/42903/b8539ai/LMSdt3-42903/version_3/backend_backup/lms_frontend_src_setupTests.js.json
2026-02-24 07:03:41,462 - Knowledge - INFO - done ingest for /app/data/T0031/42903/b8539ai/LMSdt3-42903/version_keerthana/app/dashboard/manager/reports/page.tsx
2026-02-24 07:03:41,547 - Knowledge - INFO - [LLM_CALL] Completed: QuizHistoryScreen.tsx:chunk1, Duration: 92087ms, PromptTokens: 2492, CompletionTokens: 235, Cost: $0.00034
2026-02-24 07:03:41,621 - Knowledge - INFO - Fast-tracked /app/data/T0031/42903/b8539ai/LMSdt3-42903/version_3/backend_backup/lms_frontend_src_api_client.js.json (ext=.json, size=3543)
2026-02-24 07:03:42,095 - Knowledge - INFO - Fast-tracked /app/data/T0031/42903/b8539ai/LMSdt3-42903/version_3/backend_backup/lms_frontend_package.json.json (ext=.json, size=614)
2026-02-24 07:03:42,248 - Knowledge - INFO - process ingested knowledge for /app/data/T0031/42903/b8539ai/LMSdt3-42903/version_keerthana/lib/api/media.ts
2026-02-24 07:03:42,531 - Knowledge - INFO - Fast-tracked /app/data/T0031/42903/b8539ai/LMSdt3-42903/version_3/backend_backup/lms_frontend_src_setupTests.js.json (ext=.json, size=886)
2026-02-24 07:03:42,850 - Knowledge - INFO - done ingest for /app/data/T0031/42903/b8539ai/LMSdt3-42903/version_keerthana/components/learner/quiz/QuizHistoryScreen.tsx
2026-02-24 07:03:42,858 - Knowledge - INFO - done ingest for /app/data/T0031/42903/b8539ai/LMSdt3-42903/version_keerthana/app/dashboard/admin/settings/page.tsx
2026-02-24 07:03:42,879 - Knowledge - INFO - [kw15] Queue=160, InProgress=0, PendingWorkers=20/20, Completed=151/411 (36.7%)
2026-02-24 07:03:42,885 - Knowledge - INFO - [LLM_CALL] Completed: LearningPathOnboarding.tsx:chunk1, Duration: 45370ms, PromptTokens: 4990, CompletionTokens: 346, Cost: $0.00064
2026-02-24 07:03:42,971 - Knowledge - INFO - Worker kw19 processing /app/data/T0031/42903/b8539ai/LMSdt3-42903/version_3/backend_backup/lms_frontend_src_index.js.json
2026-02-24 07:03:43,083 - Knowledge - INFO - Worker kw18 processing /app/data/T0031/42903/b8539ai/LMSdt3-42903/version_3/backend_backup/lms_frontend_src_pages_SignupPage.js.json
2026-02-24 07:03:43,180 - Knowledge - INFO - process ingested knowledge for /app/data/T0031/42903/b8539ai/LMSdt3-42903/version_keerthana/lib/api/recommendations.ts
2026-02-24 07:03:43,259 - Knowledge - INFO - Worker kw12 processing /app/data/T0031/42903/b8539ai/LMSdt3-42903/version_3/backend_backup/lms_frontend_src_index.css.json
2026-02-24 07:03:43,618 - Knowledge - INFO - Batch sizing: calculated=5, max_allowed=10, queue=160, active_workers=20/20
2026-02-24 07:03:43,771 - Knowledge - INFO - done ingest for /app/data/T0031/42903/b8539ai/LMSdt3-42903/version_keerthana/components/learner/LearningPathOnboarding.tsx
2026-02-24 07:03:43,794 - Knowledge - INFO - [LLM_CALL] Completed: ProgressOverview.tsx:chunk1, Duration: 42835ms, PromptTokens: 4336, CompletionTokens: 262, Cost: $0.00054
2026-02-24 07:03:43,930 - Knowledge - INFO - Fast-tracked /app/data/T0031/42903/b8539ai/LMSdt3-42903/version_3/backend_backup/lms_frontend_src_index.js.json (ext=.json, size=1299)
2026-02-24 07:03:44,017 - Knowledge - INFO - Fast-tracked /app/data/T0031/42903/b8539ai/LMSdt3-42903/version_3/backend_backup/lms_frontend_src_pages_SignupPage.js.json (ext=.json, size=3333)
2026-02-24 07:03:44,107 - Knowledge - INFO - process ingested knowledge for /app/data/T0031/42903/b8539ai/LMSdt3-42903/version_keerthana/lib/api/aiAssignmentFeedback.ts
2026-02-24 07:03:44,206 - Knowledge - INFO - Fast-tracked /app/data/T0031/42903/b8539ai/LMSdt3-42903/version_3/backend_backup/lms_frontend_src_index.css.json (ext=.json, size=511)
2026-02-24 07:03:45,977 - Knowledge - INFO - done ingest for /app/data/T0031/42903/b8539ai/LMSdt3-42903/version_keerthana/components/learner/progress/ProgressOverview.tsx
2026-02-24 07:03:45,978 - Knowledge - INFO - done ingest for /app/data/T0031/42903/b8539ai/LMSdt3-42903/version_keerthana/app/dashboard/admin/requests/page.tsx
2026-02-24 07:03:45,978 - Knowledge - INFO - [LLM_CALL] Completed: QuizLandingScreen.tsx:chunk1, Duration: 48132ms, PromptTokens: 2948, CompletionTokens: 205, Cost: $0.00038
2026-02-24 07:03:46,068 - Knowledge - INFO - Worker kw19 processing /app/data/T0031/42903/b8539ai/LMSdt3-42903/version_3/backend_backup/lms_frontend_src_auth_AuthContext.js.json
2026-02-24 07:03:46,241 - Knowledge - INFO - Async storage completed for 6 embeddings
2026-02-24 07:03:46,834 - Knowledge - INFO - Async storage completed for 6 embeddings
2026-02-24 07:03:46,957 - Knowledge - INFO - Worker kw18 processing /app/data/T0031/42903/b8539ai/LMSdt3-42903/version_3/backend_backup/lms_frontend_src_auth_ProtectedRoute.js.json
2026-02-24 07:03:47,049 - Knowledge - INFO - process ingested knowledge for /app/data/T0031/42903/b8539ai/LMSdt3-42903/version_keerthana/lib/api/learnerProgress.ts
2026-02-24 07:03:47,175 - Knowledge - INFO - Fast-tracked /app/data/T0031/42903/b8539ai/LMSdt3-42903/version_keerthana/lib/currentUser.ts (small file (2104 bytes))
2026-02-24 07:03:47,588 - Knowledge - INFO - done ingest for /app/data/T0031/42903/b8539ai/LMSdt3-42903/version_keerthana/components/learner/quiz/QuizLandingScreen.tsx
2026-02-24 07:03:47,640 - Knowledge - INFO - done ingest for /app/data/T0031/42903/b8539ai/LMSdt3-42903/version_keerthana/app/dashboard/learner/viewer/page.tsx
2026-02-24 07:03:47,671 - Knowledge - WARNING - Timeout processing /app/data/T0031/42903/b8539ai/LMSdt3-42903/version_keerthana/app/dashboard/learner/ai-quiz/attempts/page.tsx after 90s - using fallback metadata
2026-02-24 07:03:47,681 - Knowledge - INFO - done ingest for /app/data/T0031/42903/b8539ai/LMSdt3-42903/version_keerthana/app/dashboard/manager/settings/page.tsx
2026-02-24 07:03:47,690 - Knowledge - INFO - Async storing batch of 6 embeddings
2026-02-24 07:03:47,722 - Knowledge - INFO - Fast-tracked /app/data/T0031/42903/b8539ai/LMSdt3-42903/version_3/backend_backup/lms_frontend_src_auth_AuthContext.js.json (ext=.json, size=3316)
2026-02-24 07:03:47,874 - Knowledge - INFO - Processing batch of 6 files
2026-02-24 07:03:48,043 - Knowledge - INFO - Fast-tracked /app/data/T0031/42903/b8539ai/LMSdt3-42903/version_3/backend_backup/lms_frontend_src_auth_ProtectedRoute.js.json (ext=.json, size=1475)
2026-02-24 07:03:48,104 - Knowledge - INFO - Processing batch of 6 files
2026-02-24 07:03:48,207 - Knowledge - INFO - Processing batch of 6 files
2026-02-24 07:03:48,518 - Knowledge - INFO - Async storage completed for 6 embeddings
2026-02-24 07:03:48,615 - Knowledge - WARNING - Timeout processing /app/data/T0031/42903/b8539ai/LMSdt3-42903/version_keerthana/app/dashboard/learner/ai-quiz/attempts/[id]/page.tsx after 90s - using fallback metadata
2026-02-24 07:03:48,870 - Knowledge - INFO - [LLM_CALL] Completed: TimeActivitySection.tsx:chunk1, Duration: 68643ms, PromptTokens: 4790, CompletionTokens: 232, Cost: $0.00057
2026-02-24 07:03:48,881 - Knowledge - INFO - Worker kw15 processing /app/data/T0031/42903/b8539ai/LMSdt3-42903/version_3/backend_backup/lms_frontend_src_api_courses.js.json
2026-02-24 07:03:48,966 - Knowledge - INFO - Async storage completed for 6 embeddings
2026-02-24 07:03:49,083 - Knowledge - INFO - process ingested knowledge for /app/data/T0031/42903/b8539ai/LMSdt3-42903/version_keerthana/app/dashboard/instructor/page.tsx
2026-02-24 07:03:49,179 - Knowledge - INFO - Worker kw18 processing /app/data/T0031/42903/b8539ai/LMSdt3-42903/version_3/backend_backup/lms_frontend_src_App.css.json
2026-02-24 07:03:49,262 - Knowledge - INFO - process ingested knowledge for /app/data/T0031/42903/b8539ai/LMSdt3-42903/version_keerthana/components/learner/progress/NextStepsRecommendations.tsx
2026-02-24 07:03:49,359 - Knowledge - INFO - process ingested knowledge for /app/data/T0031/42903/b8539ai/LMSdt3-42903/version_keerthana/app/dashboard/admin/notifications/page.tsx
2026-02-24 07:03:49,603 - Knowledge - WARNING - Timeout processing /app/data/T0031/42903/b8539ai/LMSdt3-42903/version_keerthana/app/dashboard/learner/ai-quiz/page.tsx after 90s - using fallback metadata
2026-02-24 07:03:49,735 - Knowledge - INFO - done ingest for /app/data/T0031/42903/b8539ai/LMSdt3-42903/version_keerthana/components/learner/progress/TimeActivitySection.tsx
2026-02-24 07:03:49,737 - Knowledge - INFO - done ingest for /app/data/T0031/42903/b8539ai/LMSdt3-42903/version_keerthana/app/dashboard/learner/courses/available/page.tsx
2026-02-24 07:03:49,896 - Knowledge - INFO - Fast-tracked /app/data/T0031/42903/b8539ai/LMSdt3-42903/version_3/backend_backup/lms_frontend_src_api_courses.js.json (ext=.json, size=1485)
2026-02-24 07:03:50,015 - Knowledge - INFO - Processing batch of 5 files
2026-02-24 07:03:50,239 - Knowledge - INFO - Fast-tracked /app/data/T0031/42903/b8539ai/LMSdt3-42903/version_3/backend_backup/lms_frontend_src_App.css.json (ext=.json, size=613)
2026-02-24 07:03:50,613 - Knowledge - INFO - process ingested knowledge for /app/data/T0031/42903/b8539ai/LMSdt3-42903/version_keerthana/app/dashboard/instructor/notifications/page.tsx
2026-02-24 07:03:50,652 - Knowledge - INFO - process ingested knowledge for /app/data/T0031/42903/b8539ai/LMSdt3-42903/version_keerthana/components/learner/progress/CourseBreakdown.tsx
2026-02-24 07:03:50,670 - Knowledge - INFO - process ingested knowledge for /app/data/T0031/42903/b8539ai/LMSdt3-42903/version_keerthana/app/dashboard/admin/calendar/page.tsx
2026-02-24 07:03:50,727 - Knowledge - INFO - [WEBSOCKET] Sent: Type=progress_update, Size: 290, Duration: 0ms
2026-02-24 07:03:50,834 - Knowledge - WARNING - Timeout processing /app/data/T0031/42903/b8539ai/LMSdt3-42903/version_keerthana/app/dashboard/learner/courses/[pathId]/page.tsx after 90s - using fallback metadata
2026-02-24 07:03:51,281 - Knowledge - INFO - Worker kw15 processing /app/data/T0031/42903/b8539ai/LMSdt3-42903/version_3/backend_backup/lms_frontend_src_pages_HomePage.js.json
2026-02-24 07:03:51,426 - Knowledge - INFO - process ingested knowledge for /app/data/T0031/42903/b8539ai/LMSdt3-42903/version_3/backend_backup/lms_frontend_src_pages_DashboardPage.js.json
2026-02-24 07:03:51,562 - Knowledge - INFO - Async storage completed for 6 embeddings
2026-02-24 07:03:51,673 - Knowledge - INFO - Async storage completed for 6 embeddings
2026-02-24 07:03:51,753 - Knowledge - INFO - process ingested knowledge for /app/data/T0031/42903/b8539ai/LMSdt3-42903/version_keerthana/app/dashboard/instructor/calendar/page.tsx
2026-02-24 07:03:51,923 - Knowledge - INFO - process ingested knowledge for /app/data/T0031/42903/b8539ai/LMSdt3-42903/version_keerthana/components/learner/progress/LearningPathProgress.tsx
2026-02-24 07:03:52,491 - Knowledge - INFO - process ingested knowledge for /app/data/T0031/42903/b8539ai/LMSdt3-42903/version_keerthana/app/dashboard/admin/certificates/page.tsx
2026-02-24 07:03:52,720 - Knowledge - INFO - done ingest for /app/data/T0031/42903/b8539ai/LMSdt3-42903/version_keerthana/app/dashboard/manager/assessments/page.tsx
2026-02-24 07:03:52,773 - Knowledge - INFO - [WEBSOCKET] Sent: Type=unknown, Size: ?, Duration: 2046ms
2026-02-24 07:03:52,843 - Knowledge - WARNING - Timeout processing /app/data/T0031/42903/b8539ai/LMSdt3-42903/version_keerthana/app/dashboard/learner/courses/[pathId]/[courseId]/CourseDetailClient.tsx after 90s - using fallback metadata
2026-02-24 07:03:53,062 - Knowledge - INFO - Fast-tracked /app/data/T0031/42903/b8539ai/LMSdt3-42903/version_3/backend_backup/lms_frontend_src_pages_HomePage.js.json (ext=.json, size=1526)
2026-02-24 07:03:53,265 - Knowledge - INFO - process ingested knowledge for /app/data/T0031/42903/b8539ai/LMSdt3-42903/version_3/backend_backup/lms_frontend_src_api_lessons.js.json
2026-02-24 07:03:53,784 - Knowledge - INFO - process ingested knowledge for /app/data/T0031/42903/b8539ai/LMSdt3-42903/version_keerthana/app/dashboard/instructor/settings/page.tsx
2026-02-24 07:03:53,807 - Knowledge - INFO - Async storage completed for 6 embeddings
2026-02-24 07:03:53,932 - Knowledge - INFO - process ingested knowledge for /app/data/T0031/42903/b8539ai/LMSdt3-42903/version_keerthana/components/learner/AIAssignmentFeedback.tsx
2026-02-24 07:03:54,124 - Knowledge - INFO - process ingested knowledge for /app/data/T0031/42903/b8539ai/LMSdt3-42903/version_keerthana/app/dashboard/admin/settings/page.tsx
2026-02-24 07:03:54,598 - Knowledge - INFO - Progress: 43.1% | Files: 184/411 | Rate: 1.34 files/sec | Queue: 155
2026-02-24 07:03:54,653 - Knowledge - INFO - [LLM_CALL] Completed: page.tsx:chunk1, Duration: 5ms, PromptTokens: 6552, CompletionTokens: 282, Cost: $0.00077
2026-02-24 07:03:54,706 - Knowledge - WARNING - Timeout processing /app/data/T0031/42903/b8539ai/LMSdt3-42903/version_keerthana/app/dashboard/learner/courses/[pathId]/[courseId]/page.tsx after 90s - using fallback metadata
2026-02-24 07:03:54,952 - Knowledge - INFO - Worker kw15 processing /app/data/T0031/42903/b8539ai/LMSdt3-42903/version_3/backend_backup/lms_frontend_src_pages_LoginPage.js.json
2026-02-24 07:03:55,148 - Knowledge - INFO - process ingested knowledge for /app/data/T0031/42903/b8539ai/LMSdt3-42903/version_3/backend_backup/lms_frontend_src_api_client.js.json
2026-02-24 07:03:55,298 - Knowledge - INFO - process ingested knowledge for /app/data/T0031/42903/b8539ai/LMSdt3-42903/version_keerthana/app/dashboard/instructor/assessments/page.tsx
2026-02-24 07:03:55,638 - Knowledge - INFO - process ingested knowledge for /app/data/T0031/42903/b8539ai/LMSdt3-42903/version_keerthana/components/learner/LearningPathStepper.tsx
2026-02-24 07:03:55,754 - Knowledge - INFO - process ingested knowledge for /app/data/T0031/42903/b8539ai/LMSdt3-42903/version_keerthana/app/dashboard/admin/assessments/page.tsx
2026-02-24 07:03:55,852 - Knowledge - INFO - [kw8] Queue=155, InProgress=0, PendingWorkers=20/20, Completed=184/411 (44.8%)
2026-02-24 07:03:55,998 - Knowledge - INFO - done ingest for /app/data/T0031/42903/b8539ai/LMSdt3-42903/version_keerthana/app/dashboard/admin/users/[id]/page.tsx
2026-02-24 07:03:56,082 - Knowledge - INFO - Processing batch of 5 files
2026-02-24 07:03:56,128 - Knowledge - INFO - Processing batch of 6 files
2026-02-24 07:03:56,160 - Knowledge - INFO - [LLM_CALL] Completed: CertificationProgress.tsx:chunk1, Duration: 88664ms, PromptTokens: 4816, CompletionTokens: 274, Cost: $0.00059
2026-02-24 07:03:56,398 - Knowledge - INFO - Fast-tracked /app/data/T0031/42903/b8539ai/LMSdt3-42903/version_3/backend_backup/lms_frontend_src_pages_LoginPage.js.json (ext=.json, size=2874)
2026-02-24 07:03:56,564 - Knowledge - INFO - Async storage completed for 6 embeddings
2026-02-24 07:03:56,647 - Knowledge - INFO - process ingested knowledge for /app/data/T0031/42903/b8539ai/LMSdt3-42903/version_3/backend_backup/lms_frontend_src_index.js.json
2026-02-24 07:03:56,773 - Knowledge - INFO - process ingested knowledge for /app/data/T0031/42903/b8539ai/LMSdt3-42903/version_keerthana/app/dashboard/instructor/layout.tsx
2026-02-24 07:03:56,943 - Knowledge - INFO - process ingested knowledge for /app/data/T0031/42903/b8539ai/LMSdt3-42903/version_keerthana/components/learner/LearningPathOnboarding.tsx
2026-02-24 07:03:57,114 - Knowledge - INFO - process ingested knowledge for /app/data/T0031/42903/b8539ai/LMSdt3-42903/version_keerthana/app/dashboard/admin/layout.tsx
2026-02-24 07:03:57,234 - Knowledge - INFO - Batch sizing: calculated=5, max_allowed=10, queue=155, active_workers=20/20
2026-02-24 07:03:57,637 - Knowledge - INFO - process ingested knowledge for /app/data/T0031/42903/b8539ai/LMSdt3-42903/version_3/backend_backup/lms_frontend_src_components_CourseGallery.js.json
2026-02-24 07:03:57,771 - Knowledge - INFO - process ingested knowledge for /app/data/T0031/42903/b8539ai/LMSdt3-42903/version_keerthana/components/learner/quiz/QuizReviewScreen.tsx
2026-02-24 07:03:57,998 - Knowledge - INFO - done ingest for /app/data/T0031/42903/b8539ai/LMSdt3-42903/version_keerthana/components/learner/progress/CertificationProgress.tsx
2026-02-24 07:03:58,029 - Knowledge - INFO - Worker kw15 processing /app/data/T0031/42903/b8539ai/LMSdt3-42903/version_3/backend_backup/lms_frontend_src_App.js.json
2026-02-24 07:03:58,466 - Knowledge - INFO - process ingested knowledge for /app/data/T0031/42903/b8539ai/LMSdt3-42903/version_3/backend_backup/lms_frontend_src_auth_AuthContext.js.json
2026-02-24 07:03:58,941 - Knowledge - INFO - done ingest for /app/data/T0031/42903/b8539ai/LMSdt3-42903/version_keerthana/app/dashboard/learner/courses/my-courses/page.tsx
2026-02-24 07:03:59,512 - Knowledge - INFO - [LLM_CALL] Completed: canonicalStore.ts:chunk1, Duration: 28125ms, PromptTokens: 6930, CompletionTokens: 625, Cost: $0.00094
2026-02-24 07:03:59,967 - Knowledge - INFO - Fast-tracked /app/data/T0031/42903/b8539ai/LMSdt3-42903/version_3/backend_backup/lms_frontend_src_App.js.json (ext=.json, size=2564)
2026-02-24 07:04:00,296 - Knowledge - INFO - process ingested knowledge for /app/data/T0031/42903/b8539ai/LMSdt3-42903/version_3/backend_backup/lms_frontend_package.json.json
2026-02-24 07:04:00,343 - Knowledge - INFO - done ingest for /app/data/T0031/42903/b8539ai/LMSdt3-42903/version_keerthana/lib/canonicalStore.ts
2026-02-24 07:04:00,438 - Knowledge - INFO - Async storing batch of 5 embeddings
2026-02-24 07:04:00,494 - Knowledge - INFO - Worker kw15 processing /app/data/T0031/42903/b8539ai/LMSdt3-42903/version_3/backend_backup/README.md.json
2026-02-24 07:04:00,774 - Knowledge - INFO - Async storage completed for 6 embeddings
2026-02-24 07:04:00,987 - Knowledge - INFO - done ingest for /app/data/T0031/42903/b8539ai/LMSdt3-42903/version_keerthana/app/dashboard/learner/assignments/[id]/page.tsx
2026-02-24 07:04:01,003 - Knowledge - WARNING - Timeout processing /app/data/T0031/42903/b8539ai/LMSdt3-42903/version_keerthana/components/learner/progress/SkillCompetencyProgress.tsx after 90s - using fallback metadata
2026-02-24 07:04:01,263 - Knowledge - INFO - Worker kw8 processing /app/data/T0031/42903/b8539ai/LMSdt3-42903/version_3/backend_backup/lms_frontend_src_hooks_usePaginatedCourses.js.json
2026-02-24 07:04:01,522 - Knowledge - INFO - Fast-tracked /app/data/T0031/42903/b8539ai/LMSdt3-42903/version_3/backend_backup/README.md.json (ext=.json, size=494)
2026-02-24 07:04:01,639 - Knowledge - INFO - process ingested knowledge for /app/data/T0031/42903/b8539ai/LMSdt3-42903/version_keerthana/components/learner/quiz/QuizHistoryScreen.tsx
2026-02-24 07:04:02,040 - Knowledge - WARNING - Timeout processing /app/data/T0031/42903/b8539ai/LMSdt3-42903/version_keerthana/components/learner/progress/ComplianceStatus.tsx after 90s - using fallback metadata
2026-02-24 07:04:02,195 - Knowledge - INFO - Fast-tracked /app/data/T0031/42903/b8539ai/LMSdt3-42903/version_3/backend_backup/lms_frontend_src_hooks_usePaginatedCourses.js.json (ext=.json, size=2285)
2026-02-24 07:04:02,245 - Knowledge - INFO - [LLM_CALL] Completed: quizIntegrationExample.ts:chunk1, Duration: 32249ms, PromptTokens: 3954, CompletionTokens: 262, Cost: $0.00050
2026-02-24 07:04:02,356 - Knowledge - INFO - Async storage completed for 6 embeddings
2026-02-24 07:04:03,003 - Knowledge - INFO - Worker kw8 processing /app/data/T0031/42903/b8539ai/LMSdt3-42903/version_3/backend_backup/lms_frontend_eslint.config.mjs.json
2026-02-24 07:04:03,139 - Knowledge - INFO - done ingest for /app/data/T0031/42903/b8539ai/LMSdt3-42903/version_keerthana/lib/api/quizIntegrationExample.ts
2026-02-24 07:04:03,580 - Knowledge - INFO - Fast-tracked /app/data/T0031/42903/b8539ai/LMSdt3-42903/version_3/backend_backup/lms_frontend_eslint.config.mjs.json (ext=.json, size=1036)
2026-02-24 07:04:03,872 - Knowledge - INFO - done ingest for /app/data/T0031/42903/b8539ai/LMSdt3-42903/version_keerthana/app/dashboard/instructor/reports/page.tsx
2026-02-24 07:04:03,902 - Knowledge - INFO - Worker kw8 processing /app/data/T0031/42903/b8539ai/LMSdt3-42903/version_3/backend_backup/lms_frontend_src_components_QuizView.js.json
2026-02-24 07:04:03,973 - Knowledge - INFO - process ingested knowledge for /app/data/T0031/42903/b8539ai/LMSdt3-42903/version_3/backend_backup/lms_frontend_src_pages_SignupPage.js.json
2026-02-24 07:04:04,502 - Knowledge - INFO - [LLM_CALL] Completed: lessons.ts:chunk1, Duration: 45202ms, PromptTokens: 3256, CompletionTokens: 536, Cost: $0.00054
2026-02-24 07:04:04,547 - Knowledge - INFO - Fast-tracked /app/data/T0031/42903/b8539ai/LMSdt3-42903/version_3/backend_backup/lms_frontend_src_components_QuizView.js.json (ext=.json, size=1931)
2026-02-24 07:04:04,576 - Knowledge - INFO - process ingested knowledge for /app/data/T0031/42903/b8539ai/LMSdt3-42903/version_keerthana/components/learner/quiz/QuizTakingScreen.tsx
2026-02-24 07:04:04,811 - Knowledge - INFO - done ingest for /app/data/T0031/42903/b8539ai/LMSdt3-42903/version_keerthana/lib/api/lessons.ts
2026-02-24 07:04:04,882 - Knowledge - INFO - [LLM_CALL] Completed: documentExtract.ts:chunk1, Duration: 16518ms, PromptTokens: 2826, CompletionTokens: 432, Cost: $0.00046
2026-02-24 07:04:04,967 - Knowledge - INFO - Worker kw8 processing /app/data/T0031/42903/b8539ai/LMSdt3-42903/version_3/backend_backup/lms_frontend_src_App.test.js.json
2026-02-24 07:04:05,365 - Knowledge - INFO - done ingest for /app/data/T0031/42903/b8539ai/LMSdt3-42903/version_keerthana/lib/documentExtract.ts
2026-02-24 07:04:05,382 - Knowledge - INFO - Processing batch of 6 files
2026-02-24 07:04:05,402 - Knowledge - INFO - done ingest for /app/data/T0031/42903/b8539ai/LMSdt3-42903/version_keerthana/app/dashboard/admin/users/page.tsx
2026-02-24 07:04:05,617 - Knowledge - INFO - Fast-tracked /app/data/T0031/42903/b8539ai/LMSdt3-42903/version_3/backend_backup/lms_frontend_src_App.test.js.json (ext=.json, size=1843)
2026-02-24 07:04:05,793 - Knowledge - INFO - process ingested knowledge for /app/data/T0031/42903/b8539ai/LMSdt3-42903/version_keerthana/app/dashboard/manager/calendar/page.tsx
2026-02-24 07:04:05,842 - Knowledge - WARNING - Timeout processing /app/data/T0031/42903/b8539ai/LMSdt3-42903/version_keerthana/app/dashboard/admin/reports/page.tsx after 90s - using fallback metadata
2026-02-24 07:04:05,922 - Knowledge - INFO - [LLM_CALL] Completed: adapters.ts:chunk1, Duration: 23057ms, PromptTokens: 2492, CompletionTokens: 337, Cost: $0.00038
2026-02-24 07:04:05,938 - Knowledge - INFO - process ingested knowledge for /app/data/T0031/42903/b8539ai/LMSdt3-42903/version_3/backend_backup/lms_frontend_src_auth_ProtectedRoute.js.json
2026-02-24 07:04:05,940 - Knowledge - INFO - process ingested knowledge for /app/data/T0031/42903/b8539ai/LMSdt3-42903/version_keerthana/components/learner/quiz/QuizResultScreen.tsx
2026-02-24 07:04:06,048 - Knowledge - INFO - Worker kw8 processing /app/data/T0031/42903/b8539ai/LMSdt3-42903/version_3/backend_backup/lms_frontend_src_auth_tokenStorage.js.json
2026-02-24 07:04:06,367 - Knowledge - WARNING - Timeout processing /app/data/T0031/42903/b8539ai/LMSdt3-42903/version_keerthana/app/dashboard/instructor/courses/page.tsx after 90s - using fallback metadata
2026-02-24 07:04:06,496 - Knowledge - INFO - done ingest for /app/data/T0031/42903/b8539ai/LMSdt3-42903/version_keerthana/lib/api/adapters.ts
2026-02-24 07:04:07,104 - Knowledge - INFO - Processing batch of 6 files
2026-02-24 07:04:07,180 - Knowledge - INFO - Fast-tracked /app/data/T0031/42903/b8539ai/LMSdt3-42903/version_3/backend_backup/lms_frontend_src_auth_tokenStorage.js.json (ext=.json, size=2548)
2026-02-24 07:04:07,407 - Knowledge - WARNING - Timeout processing /app/data/T0031/42903/b8539ai/LMSdt3-42903/version_keerthana/app/dashboard/instructor/courses/new/page.tsx after 90s - using fallback metadata
2026-02-24 07:04:07,657 - Knowledge - INFO - process ingested knowledge for /app/data/T0031/42903/b8539ai/LMSdt3-42903/version_keerthana/app/dashboard/learner/ai-quiz/attempts/page.tsx
2026-02-24 07:04:07,756 - Knowledge - INFO - [LLM_CALL] Completed: instructor.ts:chunk1, Duration: 37761ms, PromptTokens: 2440, CompletionTokens: 606, Cost: $0.00049
2026-02-24 07:04:07,897 - Knowledge - INFO - Async storage completed for 5 embeddings
2026-02-24 07:04:07,988 - Knowledge - WARNING - Timeout processing /app/data/T0031/42903/b8539ai/LMSdt3-42903/version_keerthana/app/dashboard/instructor/courses/[id]/page.tsx after 90s - using fallback metadata
2026-02-24 07:04:08,062 - Knowledge - INFO - process ingested knowledge for /app/data/T0031/42903/b8539ai/LMSdt3-42903/version_keerthana/app/dashboard/manager/settings/page.tsx
2026-02-24 07:04:08,082 - Knowledge - INFO - process ingested knowledge for /app/data/T0031/42903/b8539ai/LMSdt3-42903/version_3/backend_backup/lms_frontend_src_App.css.json
2026-02-24 07:04:08,108 - Knowledge - INFO - process ingested knowledge for /app/data/T0031/42903/b8539ai/LMSdt3-42903/version_keerthana/components/learner/quiz/QuizLandingScreen.tsx
2026-02-24 07:04:08,276 - Knowledge - INFO - done ingest for /app/data/T0031/42903/b8539ai/LMSdt3-42903/version_keerthana/lib/api/instructor.ts
2026-02-24 07:04:08,282 - Knowledge - INFO - done ingest for /app/data/T0031/42903/b8539ai/LMSdt3-42903/version_keerthana/app/dashboard/admin/courses/page.tsx
2026-02-24 07:04:08,298 - Knowledge - INFO - Processing batch of 5 files
2026-02-24 07:04:08,298 - Knowledge - INFO - done ingest for /app/data/T0031/42903/b8539ai/LMSdt3-42903/version_keerthana/app/dashboard/manager/courses/page.tsx
2026-02-24 07:04:08,591 - Knowledge - WARNING - Timeout processing /app/data/T0031/42903/b8539ai/LMSdt3-42903/version_keerthana/app/dashboard/instructor/learners/page.tsx after 90s - using fallback metadata
2026-02-24 07:04:09,078 - Knowledge - INFO - process ingested knowledge for /app/data/T0031/42903/b8539ai/LMSdt3-42903/version_keerthana/app/dashboard/learner/ai-quiz/attempts/[id]/page.tsx
2026-02-24 07:04:09,510 - Knowledge - INFO - process ingested knowledge for /app/data/T0031/42903/b8539ai/LMSdt3-42903/version_3/backend_backup/lms_frontend_src_api_courses.js.json
2026-02-24 07:04:09,618 - Knowledge - INFO - Processing batch of 5 files
2026-02-24 07:04:09,883 - Knowledge - INFO - process ingested knowledge for /app/data/T0031/42903/b8539ai/LMSdt3-42903/version_keerthana/app/dashboard/manager/assessments/page.tsx
2026-02-24 07:04:09,899 - Knowledge - WARNING - Timeout processing /app/data/T0031/42903/b8539ai/LMSdt3-42903/version_keerthana/app/dashboard/instructor/learners/[id]/page.tsx after 90s - using fallback metadata
2026-02-24 07:04:09,934 - Knowledge - INFO - [WEBSOCKET] Sent: Type=progress_update, Size: 292, Duration: 0ms
2026-02-24 07:04:09,935 - Knowledge - INFO - process ingested knowledge for /app/data/T0031/42903/b8539ai/LMSdt3-42903/version_keerthana/components/learner/quiz/QuizSubmissionModal.tsx
2026-02-24 07:04:10,421 - Knowledge - INFO - process ingested knowledge for /app/data/T0031/42903/b8539ai/LMSdt3-42903/version_keerthana/lib/api/notifications.ts
2026-02-24 07:04:10,603 - Knowledge - INFO - process ingested knowledge for /app/data/T0031/42903/b8539ai/LMSdt3-42903/version_3/backend_backup/lms_frontend_src_pages_HomePage.js.json
2026-02-24 07:04:10,656 - Knowledge - INFO - process ingested knowledge for /app/data/T0031/42903/b8539ai/LMSdt3-42903/version_keerthana/app/dashboard/manager/layout.tsx
2026-02-24 07:04:10,914 - Knowledge - INFO - done ingest for /app/data/T0031/42903/b8539ai/LMSdt3-42903/version_keerthana/app/dashboard/admin/page.tsx
2026-02-24 07:04:10,954 - Knowledge - INFO - Processing batch of 5 files
2026-02-24 07:04:10,973 - Knowledge - INFO - [WEBSOCKET] Sent: Type=unknown, Size: ?, Duration: 1039ms
2026-02-24 07:04:11,051 - Knowledge - INFO - process ingested knowledge for /app/data/T0031/42903/b8539ai/LMSdt3-42903/version_keerthana/app/dashboard/learner/ai-quiz/page.tsx
2026-02-24 07:04:11,090 - Knowledge - INFO - [kw6] Queue=150, InProgress=0, PendingWorkers=20/20, Completed=231/411 (56.2%)
2026-02-24 07:04:11,451 - Knowledge - INFO - process ingested knowledge for /app/data/T0031/42903/b8539ai/LMSdt3-42903/version_keerthana/lib/currentUser.ts
2026-02-24 07:04:11,455 - Knowledge - INFO - process ingested knowledge for /app/data/T0031/42903/b8539ai/LMSdt3-42903/version_3/backend_backup/lms_frontend_src_pages_LoginPage.js.json
2026-02-24 07:04:11,463 - Knowledge - INFO - process ingested knowledge for /app/data/T0031/42903/b8539ai/LMSdt3-42903/version_keerthana/lib/canonicalStore.ts
2026-02-24 07:04:11,584 - Knowledge - INFO - Progress: 53.3% | Files: 231/411 | Rate: 1.48 files/sec | Queue: 150
2026-02-24 07:04:11,703 - Knowledge - INFO - done ingest for /app/data/T0031/42903/b8539ai/LMSdt3-42903/version_keerthana/app/dashboard/manager/learners/[id]/page.tsx
2026-02-24 07:04:11,710 - Knowledge - INFO - Processing batch of 5 files
2026-02-24 07:04:11,719 - Knowledge - INFO - process ingested knowledge for /app/data/T0031/42903/b8539ai/LMSdt3-42903/version_keerthana/app/dashboard/manager/reports/page.tsx
2026-02-24 07:04:11,726 - Knowledge - INFO - [LLM_CALL] Completed: users.ts:chunk1, Duration: 25749ms, PromptTokens: 2364, CompletionTokens: 612, Cost: $0.00048
2026-02-24 07:04:11,783 - Knowledge - INFO - Batch sizing: calculated=5, max_allowed=10, queue=150, active_workers=20/20
2026-02-24 07:04:11,873 - Knowledge - INFO - [kw9] Queue=150, InProgress=0, PendingWorkers=20/20, Completed=231/411 (56.2%)
2026-02-24 07:04:11,874 - Knowledge - INFO - process ingested knowledge for /app/data/T0031/42903/b8539ai/LMSdt3-42903/version_keerthana/app/dashboard/learner/courses/[pathId]/page.tsx
2026-02-24 07:04:11,875 - Knowledge - INFO - [kw19] Queue=150, InProgress=0, PendingWorkers=20/20, Completed=232/411 (56.4%)
2026-02-24 07:04:11,955 - Knowledge - INFO - process ingested knowledge for /app/data/T0031/42903/b8539ai/LMSdt3-42903/version_keerthana/lib/documentExtract.ts
2026-02-24 07:04:12,026 - Knowledge - INFO - process ingested knowledge for /app/data/T0031/42903/b8539ai/LMSdt3-42903/version_3/backend_backup/lms_frontend_src_App.js.json
2026-02-24 07:04:12,100 - Knowledge - INFO - process ingested knowledge for /app/data/T0031/42903/b8539ai/LMSdt3-42903/version_keerthana/lib/mockData.ts
2026-02-24 07:04:12,357 - Knowledge - INFO - process ingested knowledge for /app/data/T0031/42903/b8539ai/LMSdt3-42903/version_3/backend_backup/lms_frontend_src_hooks_usePaginatedCourses.js.json
2026-02-24 07:04:12,485 - Knowledge - INFO - process ingested knowledge for /app/data/T0031/42903/b8539ai/LMSdt3-42903/version_keerthana/app/dashboard/layout.tsx
2026-02-24 07:04:12,486 - Knowledge - INFO - [kw14] Queue=150, InProgress=0, PendingWorkers=20/20, Completed=234/411 (56.9%)
2026-02-24 07:04:12,612 - Knowledge - INFO - done ingest for /app/data/T0031/42903/b8539ai/LMSdt3-42903/version_keerthana/lib/api/users.ts
2026-02-24 07:04:12,636 - Knowledge - INFO - Processing batch of 6 files
2026-02-24 07:04:12,671 - Knowledge - INFO - done ingest for /app/data/T0031/42903/b8539ai/LMSdt3-42903/version_keerthana/app/dashboard/admin/courses/[id]/page.tsx
2026-02-24 07:04:12,685 - Knowledge - INFO - [WEBSOCKET] Sent: Type=progress_update, Size: 292, Duration: 0ms
2026-02-24 07:04:12,900 - Knowledge - INFO - Batch sizing: calculated=5, max_allowed=10, queue=150, active_workers=20/20
2026-02-24 07:04:12,981 - Knowledge - INFO - process ingested knowledge for /app/data/T0031/42903/b8539ai/LMSdt3-42903/version_keerthana/app/dashboard/learner/courses/[pathId]/[courseId]/CourseDetailClient.tsx
2026-02-24 07:04:13,128 - Knowledge - INFO - Batch sizing: calculated=5, max_allowed=10, queue=150, active_workers=20/20
2026-02-24 07:04:13,222 - Knowledge - INFO - process ingested knowledge for /app/data/T0031/42903/b8539ai/LMSdt3-42903/version_keerthana/public/course-resources/README.md
2026-02-24 07:04:13,344 - Knowledge - INFO - process ingested knowledge for /app/data/T0031/42903/b8539ai/LMSdt3-42903/version_3/backend_backup/README.md.json
2026-02-24 07:04:13,438 - Knowledge - INFO - process ingested knowledge for /app/data/T0031/42903/b8539ai/LMSdt3-42903/version_keerthana/lib/localEnrollments.ts
2026-02-24 07:04:13,557 - Knowledge - INFO - process ingested knowledge for /app/data/T0031/42903/b8539ai/LMSdt3-42903/version_3/backend_backup/lms_frontend_eslint.config.mjs.json
2026-02-24 07:04:13,761 - Knowledge - INFO - Batch sizing: calculated=5, max_allowed=10, queue=150, active_workers=20/20
2026-02-24 07:04:13,919 - Knowledge - INFO - process ingested knowledge for /app/data/T0031/42903/b8539ai/LMSdt3-42903/version_keerthana/app/dashboard/learner/courses/page.tsx
2026-02-24 07:04:14,187 - Knowledge - INFO - done ingest for /app/data/T0031/42903/b8539ai/LMSdt3-42903/version_keerthana/app/dashboard/manager/learners/page.tsx
2026-02-24 07:04:14,190 - Knowledge - INFO - Async storing batch of 6 embeddings
2026-02-24 07:04:14,197 - Knowledge - INFO - [WEBSOCKET] Sent: Type=unknown, Size: ?, Duration: 1512ms
2026-02-24 07:04:14,297 - Knowledge - INFO - [kw11] Queue=145, InProgress=0, PendingWorkers=20/20, Completed=239/411 (58.2%)
2026-02-24 07:04:14,403 - Knowledge - INFO - process ingested knowledge for /app/data/T0031/42903/b8539ai/LMSdt3-42903/version_keerthana/app/dashboard/learner/courses/[pathId]/[courseId]/page.tsx
2026-02-24 07:04:14,612 - Knowledge - INFO - process ingested knowledge for /app/data/T0031/42903/b8539ai/LMSdt3-42903/version_3/backend_backup/lms_frontend_src_setupTests.js.json
2026-02-24 07:04:14,907 - Knowledge - INFO - process ingested knowledge for /app/data/T0031/42903/b8539ai/LMSdt3-42903/version_keerthana/lib/fullstackCourseOrder.ts
2026-02-24 07:04:14,993 - Knowledge - INFO - process ingested knowledge for /app/data/T0031/42903/b8539ai/LMSdt3-42903/version_3/backend_backup/lms_frontend_src_components_QuizView.js.json
2026-02-24 07:04:15,116 - Knowledge - INFO - process ingested knowledge for /app/data/T0031/42903/b8539ai/LMSdt3-42903/version_keerthana/app/dashboard/learner/courses/available/page.tsx
2026-02-24 07:04:15,271 - Knowledge - INFO - Worker kw6 processing /app/data/T0031/42903/b8539ai/LMSdt3-42903/version_3/backend_backup/lms_frontend_public_index.html.json
2026-02-24 07:04:15,404 - Knowledge - INFO - Progress: 57.2% | Files: 239/411 | Rate: 1.50 files/sec | Queue: 130
2026-02-24 07:04:15,416 - Knowledge - INFO - Processing batch of 6 files
2026-02-24 07:04:15,483 - Knowledge - INFO - Async storing batch of 6 embeddings
2026-02-24 07:04:15,483 - Knowledge - INFO - [LLM_CALL] Completed: auth.ts:chunk1, Duration: 45491ms, PromptTokens: 3044, CompletionTokens: 585, Cost: $0.00054
2026-02-24 07:04:15,510 - Knowledge - INFO - Batch sizing: calculated=5, max_allowed=10, queue=145, active_workers=20/20
2026-02-24 07:04:15,975 - Knowledge - INFO - process ingested knowledge for /app/data/T0031/42903/b8539ai/LMSdt3-42903/version_3/backend_backup/lms_frontend_src_index.css.json
2026-02-24 07:04:16,243 - Knowledge - INFO - process ingested knowledge for /app/data/T0031/42903/b8539ai/LMSdt3-42903/version_3/backend_backup/lms_frontend_src_App.test.js.json
2026-02-24 07:04:16,297 - Knowledge - INFO - Fast-tracked /app/data/T0031/42903/b8539ai/LMSdt3-42903/version_3/backend_backup/lms_frontend_public_index.html.json (ext=.json, size=516)
2026-02-24 07:04:16,344 - Knowledge - INFO - process ingested knowledge for /app/data/T0031/42903/b8539ai/LMSdt3-42903/version_keerthana/app/dashboard/learner/courses/my-courses/page.tsx
2026-02-24 07:04:16,455 - Knowledge - INFO - process ingested knowledge for /app/data/T0031/42903/b8539ai/LMSdt3-42903/version_keerthana/components/learner/progress/SkillCompetencyProgress.tsx
2026-02-24 07:04:16,498 - Knowledge - INFO - [kw18] Queue=130, InProgress=0, PendingWorkers=20/20, Completed=239/411 (58.2%)
2026-02-24 07:04:16,539 - Knowledge - INFO - Worker kw9 processing /app/data/T0031/42903/b8539ai/LMSdt3-42903/version_3/lms_frontend/src/pages/DashboardPage.js
2026-02-24 07:04:16,628 - Knowledge - INFO - done ingest for /app/data/T0031/42903/b8539ai/LMSdt3-42903/version_keerthana/lib/api/auth.ts
2026-02-24 07:04:16,630 - Knowledge - INFO - Async storing batch of 5 embeddings
2026-02-24 07:04:16,631 - Knowledge - INFO - Processing batch of 5 files
2026-02-24 07:04:16,631 - Knowledge - INFO - done ingest for /app/data/T0031/42903/b8539ai/LMSdt3-42903/version_keerthana/app/dashboard/manager/page.tsx
2026-02-24 07:04:16,632 - Knowledge - INFO - Async storing batch of 6 embeddings
2026-02-24 07:04:16,851 - Knowledge - INFO - [kw16] Queue=130, InProgress=0, PendingWorkers=20/20, Completed=242/411 (58.9%)
2026-02-24 07:04:16,851 - Knowledge - INFO - [kw15] Queue=130, InProgress=0, PendingWorkers=20/20, Completed=242/411 (58.9%)
2026-02-24 07:04:16,852 - Knowledge - INFO - Async storing batch of 6 embeddings
2026-02-24 07:04:17,050 - Knowledge - INFO - Processing batch of 6 files
2026-02-24 07:04:17,051 - Knowledge - INFO - Processing batch of 6 files
2026-02-24 07:04:17,055 - Knowledge - INFO - Worker kw6 processing /app/data/T0031/42903/b8539ai/LMSdt3-42903/version_3/backend_backup/lms_frontend_src_components_HeaderNav.js.json
2026-02-24 07:04:17,127 - Knowledge - INFO - process ingested knowledge for /app/data/T0031/42903/b8539ai/LMSdt3-42903/version_3/backend_backup/lms_frontend_src_auth_tokenStorage.js.json
2026-02-24 07:04:17,127 - Knowledge - INFO - [WEBSOCKET] Sent: Type=progress_update, Size: 292, Duration: 0ms
2026-02-24 07:04:17,206 - Knowledge - INFO - process ingested knowledge for /app/data/T0031/42903/b8539ai/LMSdt3-42903/version_keerthana/app/dashboard/learner/assignments/page.tsx
2026-02-24 07:04:17,236 - Knowledge - INFO - process ingested knowledge for /app/data/T0031/42903/b8539ai/LMSdt3-42903/version_keerthana/components/learner/progress/ComplianceStatus.tsx
2026-02-24 07:04:17,318 - Knowledge - INFO - Batch sizing: calculated=5, max_allowed=10, queue=130, active_workers=20/20
2026-02-24 07:04:17,403 - Knowledge - INFO - Fast-tracked /app/data/T0031/42903/b8539ai/LMSdt3-42903/version_3/lms_frontend/src/pages/DashboardPage.js (ext=.js, size=1159)
2026-02-24 07:04:17,620 - Knowledge - INFO - Worker kw19 processing /app/data/T0031/42903/b8539ai/LMSdt3-42903/version_3/lms_frontend/src/hooks/usePaginatedCourses.js
2026-02-24 07:04:17,726 - Knowledge - INFO - process ingested knowledge for /app/data/T0031/42903/b8539ai/LMSdt3-42903/version_keerthana/lib/api/progress.ts
2026-02-24 07:04:18,092 - Knowledge - INFO - Worker kw14 processing /app/data/T0031/42903/b8539ai/LMSdt3-42903/version_3/lms_frontend/src/App.test.js
2026-02-24 07:04:18,210 - Knowledge - INFO - Batch sizing: calculated=5, max_allowed=10, queue=130, active_workers=20/20
2026-02-24 07:04:18,383 - Knowledge - INFO - Batch sizing: calculated=5, max_allowed=10, queue=130, active_workers=20/20
2026-02-24 07:04:18,555 - Knowledge - INFO - Worker kw11 processing /app/data/T0031/42903/b8539ai/LMSdt3-42903/version_3/lms_frontend/src/components/HeaderNav.js
2026-02-24 07:04:18,633 - Knowledge - INFO - process ingested knowledge for /app/data/T0031/42903/b8539ai/LMSdt3-42903/version_keerthana/app/dashboard/admin/reports/page.tsx
2026-02-24 07:04:18,734 - Knowledge - INFO - process ingested knowledge for /app/data/T0031/42903/b8539ai/LMSdt3-42903/version_keerthana/lib/api/lessons.ts
2026-02-24 07:04:18,881 - Knowledge - INFO - Fast-tracked /app/data/T0031/42903/b8539ai/LMSdt3-42903/version_3/backend_backup/lms_frontend_src_components_HeaderNav.js.json (ext=.json, size=1733)
2026-02-24 07:04:19,131 - Knowledge - INFO - [WEBSOCKET] Sent: Type=unknown, Size: ?, Duration: 2004ms
2026-02-24 07:04:19,275 - Knowledge - INFO - [kw20] Queue=125, InProgress=0, PendingWorkers=20/20, Completed=250/411 (60.8%)
2026-02-24 07:04:19,275 - Knowledge - INFO - process ingested knowledge for /app/data/T0031/42903/b8539ai/LMSdt3-42903/version_keerthana/app/dashboard/learner/assignments/[id]/page.tsx
2026-02-24 07:04:19,336 - Knowledge - INFO - process ingested knowledge for /app/data/T0031/42903/b8539ai/LMSdt3-42903/version_keerthana/components/learner/progress/CertificationProgress.tsx
2026-02-24 07:04:19,540 - Knowledge - INFO - Worker kw9 processing /app/data/T0031/42903/b8539ai/LMSdt3-42903/version_3/lms_frontend/src/pages/SignupPage.js
2026-02-24 07:04:19,638 - Knowledge - INFO - Worker kw19 processing /app/data/T0031/42903/b8539ai/LMSdt3-42903/version_3/lms_frontend/src/App.js
2026-02-24 07:04:19,728 - Knowledge - INFO - process ingested knowledge for /app/data/T0031/42903/b8539ai/LMSdt3-42903/version_keerthana/lib/api/learnerDashboard.ts
2026-02-24 07:04:19,803 - Knowledge - INFO - Fast-tracked /app/data/T0031/42903/b8539ai/LMSdt3-42903/version_3/lms_frontend/src/App.test.js (ext=.js, size=446)
2026-02-24 07:04:20,067 - Knowledge - INFO - Fast-tracked /app/data/T0031/42903/b8539ai/LMSdt3-42903/version_3/lms_frontend/src/components/HeaderNav.js (ext=.js, size=1631)
2026-02-24 07:04:20,153 - Knowledge - INFO - process ingested knowledge for /app/data/T0031/42903/b8539ai/LMSdt3-42903/version_keerthana/app/dashboard/instructor/courses/page.tsx
2026-02-24 07:04:20,237 - Knowledge - INFO - process ingested knowledge for /app/data/T0031/42903/b8539ai/LMSdt3-42903/version_keerthana/lib/api/activity.ts
2026-02-24 07:04:20,318 - Knowledge - INFO - Worker kw6 processing /app/data/T0031/42903/b8539ai/LMSdt3-42903/version_3/backend_backup/lms_frontend_README.md.json
2026-02-24 07:04:20,427 - Knowledge - INFO - Progress: 60.3% | Files: 250/411 | Rate: 1.53 files/sec | Queue: 110
2026-02-24 07:04:20,432 - Knowledge - INFO - [kw12] Queue=110, InProgress=0, PendingWorkers=20/20, Completed=250/411 (60.8%)
2026-02-24 07:04:20,432 - Knowledge - INFO - [LLM_CALL] Completed: calendar.ts:chunk1, Duration: 24320ms, PromptTokens: 2412, CompletionTokens: 443, Cost: $0.00042
2026-02-24 07:04:20,552 - Knowledge - INFO - Batch sizing: calculated=5, max_allowed=10, queue=125, active_workers=20/20
2026-02-24 07:04:20,640 - Knowledge - INFO - process ingested knowledge for /app/data/T0031/42903/b8539ai/LMSdt3-42903/version_keerthana/app/dashboard/learner/viewer/page.tsx
2026-02-24 07:04:20,711 - Knowledge - INFO - process ingested knowledge for /app/data/T0031/42903/b8539ai/LMSdt3-42903/version_keerthana/components/learner/progress/TimeActivitySection.tsx
2026-02-24 07:04:20,836 - Knowledge - INFO - Worker kw9 processing /app/data/T0031/42903/b8539ai/LMSdt3-42903/version_3/lms_frontend/src/pages/LoginPage.js
2026-02-24 07:04:20,916 - Knowledge - INFO - Fast-tracked /app/data/T0031/42903/b8539ai/LMSdt3-42903/version_3/lms_frontend/src/App.js (ext=.js, size=1569)
2026-02-24 07:04:20,998 - Knowledge - INFO - process ingested knowledge for /app/data/T0031/42903/b8539ai/LMSdt3-42903/version_keerthana/lib/api/learningProfile.ts
2026-02-24 07:04:21,073 - Knowledge - INFO - Worker kw14 processing /app/data/T0031/42903/b8539ai/LMSdt3-42903/version_3/lms_frontend/src/api/lessons.js
2026-02-24 07:04:21,163 - Knowledge - INFO - Worker kw11 processing /app/data/T0031/42903/b8539ai/LMSdt3-42903/version_3/lms_frontend/src/components/QuizView.js
2026-02-24 07:04:21,277 - Knowledge - INFO - process ingested knowledge for /app/data/T0031/42903/b8539ai/LMSdt3-42903/version_keerthana/app/dashboard/instructor/courses/new/page.tsx
2026-02-24 07:04:21,363 - Knowledge - INFO - process ingested knowledge for /app/data/T0031/42903/b8539ai/LMSdt3-42903/version_keerthana/lib/api/instructor.ts
2026-02-24 07:04:21,441 - Knowledge - INFO - Fast-tracked /app/data/T0031/42903/b8539ai/LMSdt3-42903/version_3/backend_backup/lms_frontend_README.md.json (ext=.json, size=559)
2026-02-24 07:04:21,515 - Knowledge - INFO - [kw5] Queue=110, InProgress=0, PendingWorkers=20/20, Completed=251/411 (61.1%)
2026-02-24 07:04:21,600 - Knowledge - INFO - Batch sizing: calculated=5, max_allowed=10, queue=110, active_workers=20/20
2026-02-24 07:04:21,714 - Knowledge - INFO - done ingest for /app/data/T0031/42903/b8539ai/LMSdt3-42903/version_keerthana/lib/api/calendar.ts
2026-02-24 07:04:21,715 - Knowledge - INFO - Async storing batch of 5 embeddings
2026-02-24 07:04:21,715 - Knowledge - INFO - Async storing batch of 6 embeddings
2026-02-24 07:04:21,715 - Knowledge - INFO - Async storing batch of 5 embeddings
2026-02-24 07:04:21,716 - Knowledge - INFO - [kw8] Queue=110, InProgress=0, PendingWorkers=20/20, Completed=252/411 (61.3%)
2026-02-24 07:04:21,716 - Knowledge - INFO - Processing batch of 6 files
2026-02-24 07:04:21,756 - Knowledge - INFO - Processing batch of 6 files
2026-02-24 07:04:21,787 - Knowledge - INFO - Async storing batch of 6 embeddings
2026-02-24 07:04:21,971 - Knowledge - INFO - process ingested knowledge for /app/data/T0031/42903/b8539ai/LMSdt3-42903/version_keerthana/components/learner/progress/ProgressOverview.tsx
2026-02-24 07:04:22,051 - Knowledge - INFO - Worker kw9 processing /app/data/T0031/42903/b8539ai/LMSdt3-42903/version_3/lms_frontend/src/pages/HomePage.js
2026-02-24 07:04:22,124 - Knowledge - INFO - Worker kw19 processing /app/data/T0031/42903/b8539ai/LMSdt3-42903/version_3/lms_frontend/src/auth/ProtectedRoute.js
2026-02-24 07:04:22,213 - Knowledge - INFO - process ingested knowledge for /app/data/T0031/42903/b8539ai/LMSdt3-42903/version_keerthana/lib/api/quizIntegrationExample.ts
2026-02-24 07:04:22,302 - Knowledge - INFO - Fast-tracked /app/data/T0031/42903/b8539ai/LMSdt3-42903/version_3/lms_frontend/src/api/lessons.js (ext=.js, size=481)
2026-02-24 07:04:22,414 - Knowledge - INFO - Worker kw11 processing /app/data/T0031/42903/b8539ai/LMSdt3-42903/version_3/lms_frontend/src/index.js
2026-02-24 07:04:22,542 - Knowledge - INFO - process ingested knowledge for /app/data/T0031/42903/b8539ai/LMSdt3-42903/version_keerthana/app/dashboard/instructor/courses/[id]/page.tsx
2026-02-24 07:04:22,585 - Knowledge - INFO - [kw3] Queue=105, InProgress=0, PendingWorkers=20/20, Completed=256/411 (62.3%)
2026-02-24 07:04:22,600 - Knowledge - INFO - process ingested knowledge for /app/data/T0031/42903/b8539ai/LMSdt3-42903/version_keerthana/lib/api/courseRequests.ts
2026-02-24 07:04:22,719 - Knowledge - INFO - Worker kw6 processing /app/data/T0031/42903/b8539ai/LMSdt3-42903/version_3/backend_backup/lms_frontend_public_manifest.json.json
2026-02-24 07:04:22,841 - Knowledge - INFO - Batch sizing: calculated=5, max_allowed=10, queue=110, active_workers=20/20
2026-02-24 07:04:22,929 - Knowledge - INFO - Async storing batch of 5 embeddings
2026-02-24 07:04:23,156 - Knowledge - INFO - Worker kw15 processing /app/data/T0031/42903/b8539ai/LMSdt3-42903/LEARNER_COURSES_RESTRUCTURE.md
2026-02-24 07:04:23,266 - Knowledge - INFO - Worker kw16 processing /app/data/T0031/42903/b8539ai/LMSdt3-42903/version_3/lms_frontend/public/manifest.json
2026-02-24 07:04:23,473 - Knowledge - INFO - Worker kw18 processing /app/data/T0031/42903/b8539ai/LMSdt3-42903/version_3/lms_frontend/package.json
2026-02-24 07:04:23,583 - Knowledge - INFO - Batch sizing: calculated=5, max_allowed=10, queue=110, active_workers=20/20
2026-02-24 07:04:23,763 - Knowledge - INFO - process ingested knowledge for /app/data/T0031/42903/b8539ai/LMSdt3-42903/version_keerthana/app/dashboard/admin/courses/page.tsx
2026-02-24 07:04:23,819 - Knowledge - INFO - [LLM_CALL] Completed: ai.ts:chunk1, Duration: 25105ms, PromptTokens: 2426, CompletionTokens: 471, Cost: $0.00043
2026-02-24 07:04:23,885 - Knowledge - INFO - process ingested knowledge for /app/data/T0031/42903/b8539ai/LMSdt3-42903/version_keerthana/app/dashboard/instructor/reports/page.tsx
2026-02-24 07:04:23,988 - Knowledge - INFO - Worker kw20 processing /app/data/T0031/42903/b8539ai/LMSdt3-42903/version_1/lms_backend/scripts/verify-db-connection.js
2026-02-24 07:04:24,090 - Knowledge - INFO - process ingested knowledge for /app/data/T0031/42903/b8539ai/LMSdt3-42903/version_keerthana/components/learner/progress/index.ts
2026-02-24 07:04:24,168 - Knowledge - INFO - Fast-tracked /app/data/T0031/42903/b8539ai/LMSdt3-42903/version_3/lms_frontend/src/pages/HomePage.js (ext=.js, size=1233)
2026-02-24 07:04:24,269 - Knowledge - INFO - Fast-tracked /app/data/T0031/42903/b8539ai/LMSdt3-42903/version_3/lms_frontend/src/auth/ProtectedRoute.js (ext=.js, size=794)
2026-02-24 07:04:24,383 - Knowledge - INFO - process ingested knowledge for /app/data/T0031/42903/b8539ai/LMSdt3-42903/version_keerthana/lib/api/adapters.ts
2026-02-24 07:04:24,456 - Knowledge - INFO - Worker kw14 processing /app/data/T0031/42903/b8539ai/LMSdt3-42903/version_3/lms_frontend/src/api/client.js
2026-02-24 07:04:24,551 - Knowledge - INFO - Fast-tracked /app/data/T0031/42903/b8539ai/LMSdt3-42903/version_3/lms_frontend/src/index.js (ext=.js, size=443)
2026-02-24 07:04:24,623 - Knowledge - INFO - process ingested knowledge for /app/data/T0031/42903/b8539ai/LMSdt3-42903/version_keerthana/app/dashboard/instructor/learners/page.tsx
2026-02-24 07:04:24,735 - Knowledge - INFO - Batch sizing: calculated=5, max_allowed=10, queue=105, active_workers=20/20
2026-02-24 07:04:24,856 - Knowledge - INFO - process ingested knowledge for /app/data/T0031/42903/b8539ai/LMSdt3-42903/version_keerthana/lib/api/learningPath.ts
2026-02-24 07:04:24,950 - Knowledge - INFO - Fast-tracked /app/data/T0031/42903/b8539ai/LMSdt3-42903/version_3/backend_backup/lms_frontend_public_manifest.json.json (ext=.json, size=519)
2026-02-24 07:04:25,149 - Knowledge - INFO - Worker kw12 processing /app/data/T0031/42903/b8539ai/LMSdt3-42903/version_1/lms_backend/scripts/create-ai-quiz-table.js
2026-02-24 07:04:25,234 - Knowledge - INFO - Fast-tracked /app/data/T0031/42903/b8539ai/LMSdt3-42903/LEARNER_COURSES_RESTRUCTURE.md (ext=.md, size=4624)
2026-02-24 07:04:25,326 - Knowledge - INFO - Fast-tracked /app/data/T0031/42903/b8539ai/LMSdt3-42903/version_3/lms_frontend/public/manifest.json (ext=.json, size=492)
2026-02-24 07:04:25,409 - Knowledge - INFO - Fast-tracked /app/data/T0031/42903/b8539ai/LMSdt3-42903/version_3/lms_frontend/package.json (ext=.json, size=752)
2026-02-24 07:04:25,574 - Knowledge - INFO - process ingested knowledge for /app/data/T0031/42903/b8539ai/LMSdt3-42903/version_keerthana/app/dashboard/admin/courses/[id]/page.tsx
2026-02-24 07:04:25,671 - Knowledge - INFO - done ingest for /app/data/T0031/42903/b8539ai/LMSdt3-42903/version_keerthana/lib/api/ai.ts
2026-02-24 07:04:25,672 - Knowledge - INFO - Async storing batch of 5 embeddings
2026-02-24 07:04:25,675 - Knowledge - INFO - Async storing batch of 5 embeddings
2026-02-24 07:04:25,758 - Knowledge - INFO - process ingested knowledge for /app/data/T0031/42903/b8539ai/LMSdt3-42903/version_keerthana/app/dashboard/manager/courses/page.tsx
2026-02-24 07:04:25,853 - Knowledge - INFO - Worker kw20 processing /app/data/T0031/42903/b8539ai/LMSdt3-42903/version_1/lms_backend/scripts/inspect-course-status.js
2026-02-24 07:04:26,035 - Knowledge - INFO - Worker kw9 processing /app/data/T0031/42903/b8539ai/LMSdt3-42903/version_3/lms_frontend/src/App.css
2026-02-24 07:04:26,113 - Knowledge - INFO - Worker kw19 processing /app/data/T0031/42903/b8539ai/LMSdt3-42903/version_3/lms_frontend/src/auth/AuthContext.js
2026-02-24 07:04:26,298 - Knowledge - INFO - Worker kw14 processing /app/data/T0031/42903/b8539ai/LMSdt3-42903/version_3/lms_frontend/src/api/courses.js
2026-02-24 07:04:26,375 - Knowledge - INFO - Worker kw11 processing /app/data/T0031/42903/b8539ai/LMSdt3-42903/version_3/lms_frontend/src/setupTests.js
2026-02-24 07:04:26,611 - Knowledge - INFO - process ingested knowledge for /app/data/T0031/42903/b8539ai/LMSdt3-42903/version_keerthana/app/dashboard/instructor/learners/[id]/page.tsx
2026-02-24 07:04:26,708 - Knowledge - INFO - Async storing batch of 6 embeddings
2026-02-24 07:04:26,708 - Knowledge - INFO - process ingested knowledge for /app/data/T0031/42903/b8539ai/LMSdt3-42903/version_keerthana/lib/api/learnerAssignments.ts
2026-02-24 07:04:26,740 - Knowledge - INFO - Worker kw6 processing /app/data/T0031/42903/b8539ai/LMSdt3-42903/version_3/README.md
2026-02-24 07:04:26,828 - Knowledge - INFO - Fast-tracked /app/data/T0031/42903/b8539ai/LMSdt3-42903/version_1/lms_backend/scripts/create-ai-quiz-table.js (ext=.js, size=1635)
2026-02-24 07:04:26,924 - Knowledge - INFO - Worker kw15 processing /app/data/T0031/42903/b8539ai/LMSdt3-42903/ADMIN_AND_MANAGER_FEATURES.md
2026-02-24 07:04:26,987 - Knowledge - INFO - [kw13] Queue=85, InProgress=0, PendingWorkers=20/20, Completed=256/411 (62.3%)
2026-02-24 07:04:26,993 - Knowledge - INFO - Worker kw16 processing /app/data/T0031/42903/b8539ai/LMSdt3-42903/ROLE_BASED_AI_BOTS_IMPLEMENTATION.md
2026-02-24 07:04:27,028 - Knowledge - INFO - [kw4] Queue=85, InProgress=0, PendingWorkers=20/20, Completed=256/411 (62.3%)
2026-02-24 07:04:27,065 - Knowledge - INFO - Worker kw18 processing /app/data/T0031/42903/b8539ai/LMSdt3-42903/version_3/lms_frontend/README.md
2026-02-24 07:04:27,158 - Knowledge - INFO - process ingested knowledge for /app/data/T0031/42903/b8539ai/LMSdt3-42903/version_keerthana/app/dashboard/admin/requests/page.tsx
2026-02-24 07:04:27,290 - Knowledge - INFO - Processing batch of 5 files
2026-02-24 07:04:27,343 - Knowledge - INFO - Worker kw5 processing /app/data/T0031/42903/b8539ai/LMSdt3-42903/version_1/lms_backend/scripts/verify-ai.js
2026-02-24 07:04:27,420 - Knowledge - INFO - Worker kw8 processing /app/data/T0031/42903/b8539ai/LMSdt3-42903/version_1/lms_backend/src/services/health.js
2026-02-24 07:04:27,536 - Knowledge - INFO - process ingested knowledge for /app/data/T0031/42903/b8539ai/LMSdt3-42903/version_keerthana/app/dashboard/manager/learners/page.tsx
2026-02-24 07:04:27,612 - Knowledge - INFO - Fast-tracked /app/data/T0031/42903/b8539ai/LMSdt3-42903/version_1/lms_backend/scripts/inspect-course-status.js (ext=.js, size=1065)
2026-02-24 07:04:27,702 - Knowledge - INFO - Fast-tracked /app/data/T0031/42903/b8539ai/LMSdt3-42903/version_3/lms_frontend/src/App.css (ext=.css, size=7898)
2026-02-24 07:04:27,791 - Knowledge - INFO - Worker kw19 processing /app/data/T0031/42903/b8539ai/LMSdt3-42903/version_3/lms_frontend/src/auth/tokenStorage.js
2026-02-24 07:04:27,894 - Knowledge - INFO - Fast-tracked /app/data/T0031/42903/b8539ai/LMSdt3-42903/version_3/lms_frontend/src/api/courses.js (ext=.js, size=930)
2026-02-24 07:04:27,971 - Knowledge - INFO - Fast-tracked /app/data/T0031/42903/b8539ai/LMSdt3-42903/version_3/lms_frontend/src/setupTests.js (ext=.js, size=241)
2026-02-24 07:04:28,181 - Knowledge - INFO - Worker kw3 processing /app/data/T0031/42903/b8539ai/LMSdt3-42903/version_1/lms_backend/src/routes/learningPath.js
2026-02-24 07:04:28,360 - Knowledge - INFO - Fast-tracked /app/data/T0031/42903/b8539ai/LMSdt3-42903/version_3/README.md (ext=.md, size=52)
2026-02-24 07:04:28,440 - Knowledge - INFO - Worker kw12 processing /app/data/T0031/42903/b8539ai/LMSdt3-42903/version_1/lms_backend/scripts/final-wrapup.js
2026-02-24 07:04:28,522 - Knowledge - INFO - Fast-tracked /app/data/T0031/42903/b8539ai/LMSdt3-42903/ADMIN_AND_MANAGER_FEATURES.md (ext=.md, size=8586)
2026-02-24 07:04:28,605 - Knowledge - INFO - Batch sizing: calculated=4, max_allowed=10, queue=85, active_workers=20/20
2026-02-24 07:04:28,678 - Knowledge - INFO - Fast-tracked /app/data/T0031/42903/b8539ai/LMSdt3-42903/ROLE_BASED_AI_BOTS_IMPLEMENTATION.md (ext=.md, size=7174)
2026-02-24 07:04:28,763 - Knowledge - INFO - Batch sizing: calculated=4, max_allowed=10, queue=85, active_workers=20/20
2026-02-24 07:04:28,856 - Knowledge - INFO - Fast-tracked /app/data/T0031/42903/b8539ai/LMSdt3-42903/version_3/lms_frontend/README.md (ext=.md, size=1351)
2026-02-24 07:04:29,021 - Knowledge - INFO - process ingested knowledge for /app/data/T0031/42903/b8539ai/LMSdt3-42903/version_keerthana/app/dashboard/admin/users/page.tsx
2026-02-24 07:04:29,096 - Knowledge - INFO - [WEBSOCKET] Sent: Type=progress_update, Size: 291, Duration: 0ms
2026-02-24 07:04:29,114 - Knowledge - INFO - process ingested knowledge for /app/data/T0031/42903/b8539ai/LMSdt3-42903/version_keerthana/lib/api/aiAssignmentGrade.ts
2026-02-24 07:04:29,234 - Knowledge - INFO - Fast-tracked /app/data/T0031/42903/b8539ai/LMSdt3-42903/version_1/lms_backend/scripts/verify-ai.js (ext=.js, size=1402)
2026-02-24 07:04:29,367 - Knowledge - INFO - Worker kw8 processing /app/data/T0031/42903/b8539ai/LMSdt3-42903/version_1/lms_backend/src/services/ai.js
2026-02-24 07:04:29,482 - Knowledge - INFO - process ingested knowledge for /app/data/T0031/42903/b8539ai/LMSdt3-42903/version_keerthana/app/dashboard/manager/learners/[id]/page.tsx
2026-02-24 07:04:29,562 - Knowledge - INFO - Worker kw20 processing /app/data/T0031/42903/b8539ai/LMSdt3-42903/version_1/lms_backend/scripts/add-status-column.js
2026-02-24 07:04:29,784 - Knowledge - INFO - Fast-tracked /app/data/T0031/42903/b8539ai/LMSdt3-42903/version_3/lms_frontend/src/auth/tokenStorage.js (ext=.js, size=662)
2026-02-24 07:04:29,865 - Knowledge - INFO - Worker kw14 processing /app/data/T0031/42903/b8539ai/LMSdt3-42903/version_3/lms_frontend/src/components/CourseGallery.js
2026-02-24 07:04:29,947 - Knowledge - INFO - Worker kw11 processing /app/data/T0031/42903/b8539ai/LMSdt3-42903/version_3/lms_frontend/src/index.css
2026-02-24 07:04:30,032 - Knowledge - INFO - Worker kw3 processing /app/data/T0031/42903/b8539ai/LMSdt3-42903/version_1/lms_backend/src/routes/activity.js
2026-02-24 07:04:30,116 - Knowledge - INFO - Async storage completed for 6 embeddings
2026-02-24 07:04:30,212 - Knowledge - INFO - Worker kw12 processing /app/data/T0031/42903/b8539ai/LMSdt3-42903/version_1/lms_backend/scripts/add-manager-role.js
2026-02-24 07:04:30,292 - Knowledge - INFO - Worker kw15 processing /app/data/T0031/42903/b8539ai/LMSdt3-42903/AI_MENTOR_IMPLEMENTATION.md
2026-02-24 07:04:30,498 - Knowledge - INFO - Worker kw16 processing /app/data/T0031/42903/b8539ai/LMSdt3-42903/CHAT_DELIVERABLES_POINTS.md
2026-02-24 07:04:30,658 - Knowledge - INFO - Worker kw18 processing /app/data/T0031/42903/b8539ai/LMSdt3-42903/version_3/lms_frontend/eslint.config.mjs
2026-02-24 07:04:30,739 - Knowledge - INFO - process ingested knowledge for /app/data/T0031/42903/b8539ai/LMSdt3-42903/version_keerthana/app/dashboard/admin/users/[id]/page.tsx
2026-02-24 07:04:30,820 - Knowledge - INFO - [kw10] Queue=77, InProgress=0, PendingWorkers=20/20, Completed=261/411 (63.5%)
2026-02-24 07:04:30,823 - Knowledge - INFO - Async storing batch of 6 embeddings
2026-02-24 07:04:30,823 - Knowledge - INFO - [WEBSOCKET] Sent: Type=unknown, Size: ?, Duration: 1727ms
2026-02-24 07:04:30,824 - Knowledge - INFO - Async storing batch of 5 embeddings
2026-02-24 07:04:30,962 - Knowledge - INFO - process ingested knowledge for /app/data/T0031/42903/b8539ai/LMSdt3-42903/version_keerthana/lib/api/auth.ts
2026-02-24 07:04:31,074 - Knowledge - INFO - Worker kw5 processing /app/data/T0031/42903/b8539ai/LMSdt3-42903/version_1/lms_backend/scripts/create-admin-account.js
2026-02-24 07:04:31,158 - Knowledge - INFO - Worker kw8 processing /app/data/T0031/42903/b8539ai/LMSdt3-42903/version_1/lms_backend/src/app.js
2026-02-24 07:04:31,234 - Knowledge - INFO - process ingested knowledge for /app/data/T0031/42903/b8539ai/LMSdt3-42903/version_keerthana/app/dashboard/manager/page.tsx
2026-02-24 07:04:31,340 - Knowledge - INFO - Fast-tracked /app/data/T0031/42903/b8539ai/LMSdt3-42903/version_1/lms_backend/scripts/add-status-column.js (ext=.js, size=1534)
2026-02-24 07:04:31,457 - Knowledge - INFO - Fast-tracked /app/data/T0031/42903/b8539ai/LMSdt3-42903/version_3/lms_frontend/src/hooks/usePaginatedCourses.js (small file (2344 bytes))
2026-02-24 07:04:31,541 - Knowledge - INFO - Fast-tracked /app/data/T0031/42903/b8539ai/LMSdt3-42903/version_3/lms_frontend/src/api/client.js (small file (2361 bytes))
2026-02-24 07:04:31,661 - Knowledge - INFO - Fast-tracked /app/data/T0031/42903/b8539ai/LMSdt3-42903/version_3/lms_frontend/src/index.css (ext=.css, size=366)
2026-02-24 07:04:31,732 - Knowledge - INFO - Worker kw3 processing /app/data/T0031/42903/b8539ai/LMSdt3-42903/version_1/lms_backend/src/routes/courseRequests.js
2026-02-24 07:04:31,909 - Knowledge - INFO - Fast-tracked /app/data/T0031/42903/b8539ai/LMSdt3-42903/version_1/lms_backend/scripts/add-manager-role.js (ext=.js, size=777)
2026-02-24 07:04:32,007 - Knowledge - INFO - Fast-tracked /app/data/T0031/42903/b8539ai/LMSdt3-42903/AI_MENTOR_IMPLEMENTATION.md (ext=.md, size=7572)
2026-02-24 07:04:32,096 - Knowledge - INFO - Fast-tracked /app/data/T0031/42903/b8539ai/LMSdt3-42903/CHAT_DELIVERABLES_POINTS.md (ext=.md, size=5597)
2026-02-24 07:04:32,174 - Knowledge - INFO - Fast-tracked /app/data/T0031/42903/b8539ai/LMSdt3-42903/version_3/lms_frontend/eslint.config.mjs (ext=.mjs, size=725)
2026-02-24 07:04:32,255 - Knowledge - INFO - process ingested knowledge for /app/data/T0031/42903/b8539ai/LMSdt3-42903/version_keerthana/app/dashboard/admin/page.tsx
2026-02-24 07:04:32,339 - Knowledge - INFO - Batch sizing: calculated=4, max_allowed=10, queue=77, active_workers=20/20
2026-02-24 07:04:32,418 - Knowledge - INFO - Worker kw13 processing /app/data/T0031/42903/b8539ai/LMSdt3-42903/version_1/lms_backend/src/routes/learnerDashboard.js
2026-02-24 07:04:32,525 - Knowledge - INFO - Progress: 63.5% | Files: 266/411 | Rate: 1.51 files/sec | Queue: 77
2026-02-24 07:04:32,527 - Knowledge - INFO - Processing batch of 5 files
2026-02-24 07:04:32,633 - Knowledge - INFO - Worker kw4 processing /app/data/T0031/42903/b8539ai/LMSdt3-42903/version_1/lms_backend/src/routes/enrollments.js
2026-02-24 07:04:32,753 - Knowledge - INFO - process ingested knowledge for /app/data/T0031/42903/b8539ai/LMSdt3-42903/version_keerthana/lib/api/users.ts
2026-02-24 07:04:32,876 - Knowledge - INFO - Worker kw5 processing /app/data/T0031/42903/b8539ai/LMSdt3-42903/version_1/lms_backend/src/scripts/db-init.js
2026-02-24 07:04:32,966 - Knowledge - INFO - Worker kw8 processing /app/data/T0031/42903/b8539ai/LMSdt3-42903/version_1/lms_backend/src/routes/progress.js
2026-02-24 07:04:33,052 - Knowledge - INFO - process ingested knowledge for /app/data/T0031/42903/b8539ai/LMSdt3-42903/version_keerthana/app/dashboard/manager/notifications/page.tsx
2026-02-24 07:04:33,138 - Knowledge - INFO - Worker kw20 processing /app/data/T0031/42903/b8539ai/LMSdt3-42903/version_1/lms_backend/scripts/test-ai-key.js
2026-02-24 07:04:33,497 - Knowledge - INFO - Worker kw3 processing /app/data/T0031/42903/b8539ai/LMSdt3-42903/version_1/lms_backend/src/routes/instructor.js
2026-02-24 07:04:33,615 - Knowledge - INFO - Worker kw12 processing /app/data/T0031/42903/b8539ai/LMSdt3-42903/version_1/lms_backend/scripts/add-course-statuses.js
2026-02-24 07:04:33,727 - Knowledge - INFO - Worker kw15 processing /app/data/T0031/42903/b8539ai/LMSdt3-42903/SVG_HYDRATION_FIX.md
2026-02-24 07:04:33,813 - Knowledge - INFO - Worker kw16 processing /app/data/T0031/42903/b8539ai/LMSdt3-42903/WEEKLY_DELIVERABLES_REPORT.md
2026-02-24 07:04:33,946 - Knowledge - INFO - Worker kw18 processing /app/data/T0031/42903/b8539ai/LMSdt3-42903/version_3/lms_frontend/public/index.html
2026-02-24 07:04:34,022 - Knowledge - INFO - Async storage completed for 6 embeddings
2026-02-24 07:04:34,128 - Knowledge - INFO - Async storing batch of 6 embeddings
2026-02-24 07:04:34,210 - Knowledge - INFO - Worker kw13 processing /app/data/T0031/42903/b8539ai/LMSdt3-42903/version_1/lms_backend/src/routes/lessons.js
2026-02-24 07:04:34,354 - Knowledge - INFO - [kw1] Queue=73, InProgress=0, PendingWorkers=20/20, Completed=266/411 (64.7%)
2026-02-24 07:04:34,402 - Knowledge - INFO - process ingested knowledge for /app/data/T0031/42903/b8539ai/LMSdt3-42903/version_3/backend_backup/lms_frontend_public_index.html.json
2026-02-24 07:04:34,492 - Knowledge - INFO - Worker kw4 processing /app/data/T0031/42903/b8539ai/LMSdt3-42903/version_1/lms_backend/src/routes/learnerProgress.js
2026-02-24 07:04:34,681 - Knowledge - INFO - process ingested knowledge for /app/data/T0031/42903/b8539ai/LMSdt3-42903/version_keerthana/lib/api/calendar.ts
2026-02-24 07:04:34,683 - Knowledge - INFO - Worker kw5 processing /app/data/T0031/42903/b8539ai/LMSdt3-42903/version_1/lms_backend/src/seeds/seed.js
2026-02-24 07:04:34,711 - Knowledge - INFO - [kw2] Queue=73, InProgress=0, PendingWorkers=20/20, Completed=266/411 (64.7%)
2026-02-24 07:04:34,783 - Knowledge - INFO - Worker kw8 processing /app/data/T0031/42903/b8539ai/LMSdt3-42903/version_1/lms_backend/src/routes/learnerAssignments.js
2026-02-24 07:04:34,941 - Knowledge - INFO - Fast-tracked /app/data/T0031/42903/b8539ai/LMSdt3-42903/version_1/lms_backend/scripts/test-ai-key.js (ext=.js, size=1671)
2026-02-24 07:04:35,021 - Knowledge - INFO - Worker kw3 processing /app/data/T0031/42903/b8539ai/LMSdt3-42903/version_1/lms_backend/src/routes/learningProfile.js
2026-02-24 07:04:35,099 - Knowledge - INFO - Fast-tracked /app/data/T0031/42903/b8539ai/LMSdt3-42903/version_1/lms_backend/scripts/add-course-statuses.js (ext=.js, size=1597)
2026-02-24 07:04:35,182 - Knowledge - INFO - Fast-tracked /app/data/T0031/42903/b8539ai/LMSdt3-42903/SVG_HYDRATION_FIX.md (ext=.md, size=1869)
2026-02-24 07:04:35,259 - Knowledge - INFO - Fast-tracked /app/data/T0031/42903/b8539ai/LMSdt3-42903/WEEKLY_DELIVERABLES_REPORT.md (ext=.md, size=9521)
2026-02-24 07:04:35,347 - Knowledge - INFO - Fast-tracked /app/data/T0031/42903/b8539ai/LMSdt3-42903/version_3/lms_frontend/public/index.html (ext=.html, size=1984)
2026-02-24 07:04:35,562 - Knowledge - INFO - Worker kw10 processing /app/data/T0031/42903/b8539ai/LMSdt3-42903/version_1/lms_backend/src/routes/notifications.js
2026-02-24 07:04:35,573 - Knowledge - INFO - Async storage completed for 5 embeddings
2026-02-24 07:04:35,631 - Knowledge - INFO - [kw7] Queue=73, InProgress=0, PendingWorkers=20/20, Completed=266/411 (64.7%)
2026-02-24 07:04:35,634 - Knowledge - INFO - Worker kw13 processing /app/data/T0031/42903/b8539ai/LMSdt3-42903/version_1/lms_backend/src/routes/learnerCertificates.js
2026-02-24 07:04:35,738 - Knowledge - INFO - Batch sizing: calculated=4, max_allowed=10, queue=73, active_workers=20/20
2026-02-24 07:04:35,838 - Knowledge - INFO - process ingested knowledge for /app/data/T0031/42903/b8539ai/LMSdt3-42903/version_3/backend_backup/lms_frontend_src_components_HeaderNav.js.json
2026-02-24 07:04:35,863 - Knowledge - INFO - Async storage completed for 6 embeddings
2026-02-24 07:04:35,934 - Knowledge - INFO - Worker kw4 processing /app/data/T0031/42903/b8539ai/LMSdt3-42903/version_1/lms_backend/src/routes/ai.js
2026-02-24 07:04:36,023 - Knowledge - INFO - process ingested knowledge for /app/data/T0031/42903/b8539ai/LMSdt3-42903/version_keerthana/lib/api/ai.ts
2026-02-24 07:04:36,045 - Knowledge - INFO - Async storage completed for 6 embeddings
2026-02-24 07:04:36,175 - Knowledge - INFO - Worker kw5 processing /app/data/T0031/42903/b8539ai/LMSdt3-42903/version_1/lms_backend/src/services/storage.js
2026-02-24 07:04:36,257 - Knowledge - INFO - Batch sizing: calculated=4, max_allowed=10, queue=73, active_workers=20/20
2026-02-24 07:04:36,428 - Knowledge - INFO - Fast-tracked /app/data/T0031/42903/b8539ai/LMSdt3-42903/version_1/lms_backend/src/services/health.js (small file (2298 bytes))
2026-02-24 07:04:36,473 - Knowledge - INFO - Worker kw20 processing /app/data/T0031/42903/b8539ai/LMSdt3-42903/version_1/lms_backend/scripts/test-course-requests.js
2026-02-24 07:04:36,683 - Knowledge - INFO - Fast-tracked /app/data/T0031/42903/b8539ai/LMSdt3-42903/version_1/lms_backend/src/routes/learningPath.js (small file (2979 bytes))
2026-02-24 07:04:36,707 - Knowledge - INFO - Worker kw12 processing /app/data/T0031/42903/b8539ai/LMSdt3-42903/version_1/lms_backend/scripts/create-notifications-table.js
2026-02-24 07:04:36,814 - Knowledge - INFO - Worker kw15 processing /app/data/T0031/42903/b8539ai/LMSdt3-42903/version_1/README.md
2026-02-24 07:04:36,913 - Knowledge - INFO - Worker kw16 processing /app/data/T0031/42903/b8539ai/LMSdt3-42903/PRODUCT_BACKLOG.md
2026-02-24 07:04:37,037 - Knowledge - INFO - Worker kw18 processing /app/data/T0031/42903/b8539ai/LMSdt3-42903/version_3/lms_frontend/public/robots.txt
2026-02-24 07:04:37,167 - Knowledge - INFO - Worker kw10 processing /app/data/T0031/42903/b8539ai/LMSdt3-42903/version_1/lms_backend/src/routes/users.js
2026-02-24 07:04:37,354 - Knowledge - INFO - Batch sizing: calculated=4, max_allowed=10, queue=73, active_workers=20/20
2026-02-24 07:04:37,459 - Knowledge - INFO - Worker kw13 processing /app/data/T0031/42903/b8539ai/LMSdt3-42903/version_1/lms_backend/src/routes/quizzes.js
2026-02-24 07:04:37,546 - Knowledge - INFO - Async storing batch of 6 embeddings
2026-02-24 07:04:37,614 - Knowledge - INFO - [LLM_CALL] Completed: SignupPage.js:chunk1, Duration: 6792ms, PromptTokens: 2406, CompletionTokens: 270, Cost: $0.00035
2026-02-24 07:04:37,620 - Knowledge - INFO - process ingested knowledge for /app/data/T0031/42903/b8539ai/LMSdt3-42903/version_3/backend_backup/lms_frontend_README.md.json
2026-02-24 07:04:37,891 - Knowledge - INFO - Worker kw4 processing /app/data/T0031/42903/b8539ai/LMSdt3-42903/version_1/lms_backend/src/routes/calendar.js
2026-02-24 07:04:38,633 - Knowledge - INFO - Fast-tracked /app/data/T0031/42903/b8539ai/LMSdt3-42903/version_1/lms_backend/scripts/test-course-requests.js (ext=.js, size=1945)
2026-02-24 07:04:38,884 - Knowledge - INFO - Fast-tracked /app/data/T0031/42903/b8539ai/LMSdt3-42903/version_1/lms_backend/scripts/create-notifications-table.js (ext=.js, size=1964)
2026-02-24 07:04:39,040 - Knowledge - INFO - Fast-tracked /app/data/T0031/42903/b8539ai/LMSdt3-42903/version_1/README.md (ext=.md, size=587)
2026-02-24 07:04:39,148 - Knowledge - INFO - Fast-tracked /app/data/T0031/42903/b8539ai/LMSdt3-42903/PRODUCT_BACKLOG.md (ext=.md, size=20682)
2026-02-24 07:04:39,251 - Knowledge - INFO - Fast-tracked /app/data/T0031/42903/b8539ai/LMSdt3-42903/version_3/lms_frontend/public/robots.txt (ext=.txt, size=67)
2026-02-24 07:04:39,372 - Knowledge - INFO - Worker kw10 processing /app/data/T0031/42903/b8539ai/LMSdt3-42903/version_1/lms_backend/src/routes/auth.js
2026-02-24 07:04:39,822 - Knowledge - INFO - Worker kw1 processing /app/data/T0031/42903/b8539ai/LMSdt3-42903/version_1/lms_backend/src/routes/index.js
2026-02-24 07:04:40,013 - Knowledge - INFO - done ingest for /app/data/T0031/42903/b8539ai/LMSdt3-42903/version_3/lms_frontend/src/pages/SignupPage.js
2026-02-24 07:04:40,055 - Knowledge - INFO - Async storing batch of 6 embeddings
2026-02-24 07:04:40,058 - Knowledge - INFO - Async storing batch of 6 embeddings
2026-02-24 07:04:40,060 - Knowledge - INFO - [kw17] Queue=61, InProgress=0, PendingWorkers=20/20, Completed=266/411 (64.7%)
2026-02-24 07:04:40,060 - Knowledge - INFO - [LLM_CALL] Completed: AuthContext.js:chunk1, Duration: 6840ms, PromptTokens: 2634, CompletionTokens: 350, Cost: $0.00040
2026-02-24 07:04:40,121 - Knowledge - INFO - process ingested knowledge for /app/data/T0031/42903/b8539ai/LMSdt3-42903/version_3/backend_backup/lms_frontend_public_manifest.json.json
2026-02-24 07:04:40,408 - Knowledge - INFO - Fast-tracked /app/data/T0031/42903/b8539ai/LMSdt3-42903/version_1/lms_backend/scripts/verify-db-connection.js (small file (2527 bytes))
2026-02-24 07:04:40,643 - Knowledge - INFO - Async storage completed for 5 embeddings
2026-02-24 07:04:40,752 - Knowledge - INFO - Async storage completed for 6 embeddings
2026-02-24 07:04:40,848 - Knowledge - INFO - Async storage completed for 5 embeddings
2026-02-24 07:04:40,956 - Knowledge - INFO - Worker kw10 processing /app/data/T0031/42903/b8539ai/LMSdt3-42903/version_1/lms_backend/src/routes/recommendations.js
2026-02-24 07:04:41,043 - Knowledge - INFO - Worker kw1 processing /app/data/T0031/42903/b8539ai/LMSdt3-42903/version_1/lms_backend/src/routes/media.js
2026-02-24 07:04:41,234 - Knowledge - INFO - Worker kw2 processing /app/data/T0031/42903/b8539ai/LMSdt3-42903/version_1/lms_backend/src/config/db.js
2026-02-24 07:04:41,316 - Knowledge - INFO - Worker kw7 processing /app/data/T0031/42903/b8539ai/LMSdt3-42903/version_1/lms_backend/src/utils/jwt.js
2026-02-24 07:04:41,396 - Knowledge - INFO - Batch sizing: calculated=4, max_allowed=10, queue=61, active_workers=20/20
2026-02-24 07:04:41,521 - Knowledge - INFO - done ingest for /app/data/T0031/42903/b8539ai/LMSdt3-42903/version_3/lms_frontend/src/auth/AuthContext.js
2026-02-24 07:04:41,526 - Knowledge - INFO - [LLM_CALL] Completed: QuizView.js:chunk1, Duration: 8120ms, PromptTokens: 4166, CompletionTokens: 262, Cost: $0.00052
2026-02-24 07:04:41,641 - Knowledge - INFO - process ingested knowledge for /app/data/T0031/42903/b8539ai/LMSdt3-42903/version_3/README.md
2026-02-24 07:04:41,761 - Knowledge - INFO - Async storage completed for 6 embeddings
2026-02-24 07:04:42,272 - Knowledge - INFO - Worker kw1 processing /app/data/T0031/42903/b8539ai/LMSdt3-42903/version_1/lms_backend/src/routes/courses.js
2026-02-24 07:04:42,358 - Knowledge - INFO - Worker kw2 processing /app/data/T0031/42903/b8539ai/LMSdt3-42903/version_1/lms_backend/src/middleware/auth.js
2026-02-24 07:04:42,478 - Knowledge - INFO - Fast-tracked /app/data/T0031/42903/b8539ai/LMSdt3-42903/version_1/lms_backend/src/utils/jwt.js (ext=.js, size=1118)
2026-02-24 07:04:42,561 - Knowledge - INFO - Fast-tracked /app/data/T0031/42903/b8539ai/LMSdt3-42903/version_1/lms_backend/src/scripts/db-init.js (small file (2507 bytes))
2026-02-24 07:04:42,733 - Knowledge - INFO - done ingest for /app/data/T0031/42903/b8539ai/LMSdt3-42903/version_3/lms_frontend/src/components/QuizView.js
2026-02-24 07:04:42,733 - Knowledge - INFO - [LLM_CALL] Completed: CourseGallery.js:chunk1, Duration: 9434ms, PromptTokens: 3430, CompletionTokens: 327, Cost: $0.00047
2026-02-24 07:04:43,024 - Knowledge - INFO - Worker kw1 processing /app/data/T0031/42903/b8539ai/LMSdt3-42903/version_1/lms_backend/src/server.js
2026-02-24 07:04:43,119 - Knowledge - INFO - Worker kw2 processing /app/data/T0031/42903/b8539ai/LMSdt3-42903/version_1/lms_backend/src/middleware/rbac.js
2026-02-24 07:04:43,211 - Knowledge - INFO - Worker kw7 processing /app/data/T0031/42903/b8539ai/LMSdt3-42903/version_1/lms_backend/src/entities/Quiz.js
2026-02-24 07:04:43,511 - Knowledge - INFO - done ingest for /app/data/T0031/42903/b8539ai/LMSdt3-42903/version_3/lms_frontend/src/components/CourseGallery.js
2026-02-24 07:04:43,511 - Knowledge - INFO - [LLM_CALL] Completed: LoginPage.js:chunk1, Duration: 10985ms, PromptTokens: 2554, CompletionTokens: 267, Cost: $0.00036
2026-02-24 07:04:43,601 - Knowledge - INFO - Fast-tracked /app/data/T0031/42903/b8539ai/LMSdt3-42903/version_1/lms_backend/src/server.js (ext=.js, size=1812)
2026-02-24 07:04:43,686 - Knowledge - INFO - Fast-tracked /app/data/T0031/42903/b8539ai/LMSdt3-42903/version_1/lms_backend/src/middleware/rbac.js (ext=.js, size=612)
2026-02-24 07:04:43,765 - Knowledge - INFO - Fast-tracked /app/data/T0031/42903/b8539ai/LMSdt3-42903/version_1/lms_backend/src/entities/Quiz.js (ext=.js, size=1307)
2026-02-24 07:04:43,926 - Knowledge - INFO - done ingest for /app/data/T0031/42903/b8539ai/LMSdt3-42903/version_3/lms_frontend/src/pages/LoginPage.js
2026-02-24 07:04:43,926 - Knowledge - INFO - Processing batch of 5 files
2026-02-24 07:04:43,926 - Knowledge - INFO - Processing batch of 5 files
2026-02-24 07:04:43,926 - Knowledge - INFO - Processing batch of 5 files
2026-02-24 07:04:43,929 - Knowledge - INFO - Async storing batch of 5 embeddings
2026-02-24 07:04:43,933 - Knowledge - INFO - [WEBSOCKET] Sent: Type=progress_update, Size: 291, Duration: 0ms
2026-02-24 07:04:44,119 - Knowledge - INFO - Worker kw2 processing /app/data/T0031/42903/b8539ai/LMSdt3-42903/version_1/lms_backend/src/middleware/index.js
2026-02-24 07:04:44,215 - Knowledge - INFO - Worker kw7 processing /app/data/T0031/42903/b8539ai/LMSdt3-42903/version_1/lms_backend/src/entities/MediaMetadata.js
2026-02-24 07:04:44,409 - Knowledge - INFO - process ingested knowledge for /app/data/T0031/42903/b8539ai/LMSdt3-42903/LEARNER_COURSES_RESTRUCTURE.md
2026-02-24 07:04:44,523 - Knowledge - INFO - process ingested knowledge for /app/data/T0031/42903/b8539ai/LMSdt3-42903/version_3/lms_frontend/public/manifest.json
2026-02-24 07:04:44,641 - Knowledge - INFO - process ingested knowledge for /app/data/T0031/42903/b8539ai/LMSdt3-42903/version_3/lms_frontend/package.json
2026-02-24 07:04:44,762 - Knowledge - INFO - Worker kw17 processing /app/data/T0031/42903/b8539ai/LMSdt3-42903/version_1/lms_backend/src/entities/CourseEnrollment.js
2026-02-24 07:04:44,840 - Knowledge - INFO - [WEBSOCKET] Sent: Type=unknown, Size: ?, Duration: 907ms
2026-02-24 07:04:44,925 - Knowledge - INFO - Fast-tracked /app/data/T0031/42903/b8539ai/LMSdt3-42903/version_1/lms_backend/src/middleware/index.js (ext=.js, size=160)
2026-02-24 07:04:45,007 - Knowledge - INFO - Worker kw7 processing /app/data/T0031/42903/b8539ai/LMSdt3-42903/version_1/lms_backend/src/entities/Course.js
2026-02-24 07:04:45,092 - Knowledge - INFO - process ingested knowledge for /app/data/T0031/42903/b8539ai/LMSdt3-42903/ADMIN_AND_MANAGER_FEATURES.md
2026-02-24 07:04:45,206 - Knowledge - INFO - process ingested knowledge for /app/data/T0031/42903/b8539ai/LMSdt3-42903/ROLE_BASED_AI_BOTS_IMPLEMENTATION.md
2026-02-24 07:04:45,308 - Knowledge - INFO - process ingested knowledge for /app/data/T0031/42903/b8539ai/LMSdt3-42903/version_3/lms_frontend/README.md
2026-02-24 07:04:45,392 - Knowledge - INFO - Fast-tracked /app/data/T0031/42903/b8539ai/LMSdt3-42903/version_1/lms_backend/src/entities/CourseEnrollment.js (ext=.js, size=996)
2026-02-24 07:04:45,483 - Knowledge - INFO - Progress: 69.3% | Files: 286/411 | Rate: 1.50 files/sec | Queue: 57
2026-02-24 07:04:45,546 - Knowledge - INFO - Processing batch of 5 files
2026-02-24 07:04:45,547 - Knowledge - INFO - Processing batch of 5 files
2026-02-24 07:04:45,550 - Knowledge - INFO - Processing batch of 5 files
2026-02-24 07:04:45,550 - Knowledge - INFO - Processing batch of 5 files
2026-02-24 07:04:45,552 - Knowledge - INFO - Processing batch of 5 files
2026-02-24 07:04:45,725 - Knowledge - INFO - Fast-tracked /app/data/T0031/42903/b8539ai/LMSdt3-42903/version_1/lms_backend/src/entities/MediaMetadata.js (small file (3047 bytes))
2026-02-24 07:04:45,819 - Knowledge - INFO - process ingested knowledge for /app/data/T0031/42903/b8539ai/LMSdt3-42903/AI_MENTOR_IMPLEMENTATION.md
2026-02-24 07:04:45,900 - Knowledge - INFO - process ingested knowledge for /app/data/T0031/42903/b8539ai/LMSdt3-42903/CHAT_DELIVERABLES_POINTS.md
2026-02-24 07:04:46,005 - Knowledge - INFO - process ingested knowledge for /app/data/T0031/42903/b8539ai/LMSdt3-42903/version_3/lms_frontend/eslint.config.mjs
2026-02-24 07:04:46,091 - Knowledge - INFO - Worker kw17 processing /app/data/T0031/42903/b8539ai/LMSdt3-42903/version_1/lms_backend/src/entities/Notification.js
2026-02-24 07:04:46,175 - Knowledge - INFO - [kw6] Queue=57, InProgress=0, PendingWorkers=20/20, Completed=306/411 (74.5%)
2026-02-24 07:04:46,275 - Knowledge - INFO - process ingested knowledge for /app/data/T0031/42903/b8539ai/LMSdt3-42903/version_3/lms_frontend/src/App.test.js
2026-02-24 07:04:46,400 - Knowledge - INFO - process ingested knowledge for /app/data/T0031/42903/b8539ai/LMSdt3-42903/version_3/lms_frontend/src/components/HeaderNav.js
2026-02-24 07:04:46,512 - Knowledge - INFO - process ingested knowledge for /app/data/T0031/42903/b8539ai/LMSdt3-42903/version_3/lms_frontend/src/pages/DashboardPage.js
2026-02-24 07:04:46,598 - Knowledge - INFO - process ingested knowledge for /app/data/T0031/42903/b8539ai/LMSdt3-42903/version_1/lms_backend/scripts/verify-db-connection.js
2026-02-24 07:04:46,700 - Knowledge - INFO - process ingested knowledge for /app/data/T0031/42903/b8539ai/LMSdt3-42903/version_3/lms_frontend/src/hooks/usePaginatedCourses.js
2026-02-24 07:04:46,777 - Knowledge - INFO - Fast-tracked /app/data/T0031/42903/b8539ai/LMSdt3-42903/version_1/lms_backend/src/entities/Course.js (small file (2405 bytes))
2026-02-24 07:04:46,881 - Knowledge - INFO - process ingested knowledge for /app/data/T0031/42903/b8539ai/LMSdt3-42903/SVG_HYDRATION_FIX.md
2026-02-24 07:04:47,659 - Knowledge - INFO - process ingested knowledge for /app/data/T0031/42903/b8539ai/LMSdt3-42903/version_3/lms_frontend/src/App.js
2026-02-24 07:04:47,048 - Knowledge - INFO - process ingested knowledge for /app/data/T0031/42903/b8539ai/LMSdt3-42903/version_3/lms_frontend/public/index.html
2026-02-24 07:04:47,127 - Knowledge - INFO - Fast-tracked /app/data/T0031/42903/b8539ai/LMSdt3-42903/version_1/lms_backend/src/entities/Notification.js (ext=.js, size=1243)
2026-02-24 07:04:47,207 - Knowledge - INFO - Batch sizing: calculated=4, max_allowed=10, queue=57, active_workers=20/20
2026-02-24 07:04:47,289 - Knowledge - INFO - process ingested knowledge for /app/data/T0031/42903/b8539ai/LMSdt3-42903/version_3/lms_frontend/src/api/lessons.js
2026-02-24 07:04:47,402 - Knowledge - INFO - Async storage completed for 5 embeddings
2026-02-24 07:04:47,406 - Knowledge - INFO - process ingested knowledge for /app/data/T0031/42903/b8539ai/LMSdt3-42903/version_3/lms_frontend/src/components/QuizView.js
2026-02-24 07:04:47,496 - Knowledge - INFO - process ingested knowledge for /app/data/T0031/42903/b8539ai/LMSdt3-42903/version_3/lms_frontend/src/pages/SignupPage.js
2026-02-24 07:04:47,575 - Knowledge - INFO - process ingested knowledge for /app/data/T0031/42903/b8539ai/LMSdt3-42903/version_1/lms_backend/scripts/inspect-course-status.js
2026-02-24 07:04:46,972 - Knowledge - INFO - process ingested knowledge for /app/data/T0031/42903/b8539ai/LMSdt3-42903/WEEKLY_DELIVERABLES_REPORT.md
2026-02-24 07:04:47,762 - Knowledge - INFO - Async storage completed for 6 embeddings
2026-02-24 07:04:47,852 - Knowledge - INFO - process ingested knowledge for /app/data/T0031/42903/b8539ai/LMSdt3-42903/version_1/README.md
2026-02-24 07:04:47,922 - Knowledge - INFO - process ingested knowledge for /app/data/T0031/42903/b8539ai/LMSdt3-42903/version_3/lms_frontend/src/auth/ProtectedRoute.js
2026-02-24 07:04:48,006 - Knowledge - INFO - process ingested knowledge for /app/data/T0031/42903/b8539ai/LMSdt3-42903/version_3/lms_frontend/public/robots.txt
2026-02-24 07:04:48,084 - Knowledge - INFO - Worker kw17 processing /app/data/T0031/42903/b8539ai/LMSdt3-42903/version_1/lms_backend/src/entities/User.js
2026-02-24 07:04:48,198 - Knowledge - INFO - Async storing batch of 5 embeddings
2026-02-24 07:04:48,288 - Knowledge - INFO - process ingested knowledge for /app/data/T0031/42903/b8539ai/LMSdt3-42903/version_3/lms_frontend/src/api/client.js
2026-02-24 07:04:48,433 - Knowledge - INFO - process ingested knowledge for /app/data/T0031/42903/b8539ai/LMSdt3-42903/version_3/lms_frontend/src/index.js
2026-02-24 07:04:48,564 - Knowledge - INFO - process ingested knowledge for /app/data/T0031/42903/b8539ai/LMSdt3-42903/version_3/lms_frontend/src/pages/LoginPage.js
2026-02-24 07:04:48,680 - Knowledge - INFO - process ingested knowledge for /app/data/T0031/42903/b8539ai/LMSdt3-42903/version_1/lms_backend/scripts/add-status-column.js
2026-02-24 07:04:48,769 - Knowledge - INFO - process ingested knowledge for /app/data/T0031/42903/b8539ai/LMSdt3-42903/PRODUCT_BACKLOG.md
2026-02-24 07:04:48,913 - Knowledge - INFO - Processing batch of 4 files
2026-02-24 07:04:49,047 - Knowledge - INFO - process ingested knowledge for /app/data/T0031/42903/b8539ai/LMSdt3-42903/version_3/lms_frontend/src/auth/AuthContext.js
2026-02-24 07:04:49,258 - Knowledge - INFO - Worker kw17 processing /app/data/T0031/42903/b8539ai/LMSdt3-42903/version_1/lms_backend/src/entities/CourseCompletion.js
2026-02-24 07:04:49,345 - Knowledge - INFO - Worker kw6 processing /app/data/T0031/42903/b8539ai/LMSdt3-42903/version_1/lms_backend/src/entities/Assessment.js
2026-02-24 07:04:49,508 - Knowledge - INFO - process ingested knowledge for /app/data/T0031/42903/b8539ai/LMSdt3-42903/version_3/lms_frontend/src/api/courses.js
2026-02-24 07:04:49,753 - Knowledge - INFO - process ingested knowledge for /app/data/T0031/42903/b8539ai/LMSdt3-42903/version_3/lms_frontend/src/setupTests.js
2026-02-24 07:04:49,959 - Knowledge - INFO - process ingested knowledge for /app/data/T0031/42903/b8539ai/LMSdt3-42903/version_3/lms_frontend/src/pages/HomePage.js
2026-02-24 07:04:49,960 - Knowledge - INFO - process ingested knowledge for /app/data/T0031/42903/b8539ai/LMSdt3-42903/version_1/lms_backend/scripts/test-ai-key.js
2026-02-24 07:04:50,041 - Knowledge - INFO - process ingested knowledge for /app/data/T0031/42903/b8539ai/LMSdt3-42903/version_1/lms_backend/src/utils/jwt.js
2026-02-24 07:04:50,235 - Knowledge - INFO - Fast-tracked /app/data/T0031/42903/b8539ai/LMSdt3-42903/version_1/lms_backend/src/entities/CourseCompletion.js (ext=.js, size=1061)
2026-02-24 07:04:50,298 - Knowledge - INFO - Fast-tracked /app/data/T0031/42903/b8539ai/LMSdt3-42903/version_1/lms_backend/src/entities/Assessment.js (ext=.js, size=1767)
2026-02-24 07:04:50,303 - Knowledge - INFO - process ingested knowledge for /app/data/T0031/42903/b8539ai/LMSdt3-42903/version_3/lms_frontend/src/auth/tokenStorage.js
2026-02-24 07:04:50,303 - Knowledge - INFO - [WEBSOCKET] Sent: Type=progress_update, Size: 292, Duration: 0ms
2026-02-24 07:04:50,489 - Knowledge - INFO - process ingested knowledge for /app/data/T0031/42903/b8539ai/LMSdt3-42903/version_3/lms_frontend/src/components/CourseGallery.js
2026-02-24 07:04:50,669 - Knowledge - INFO - process ingested knowledge for /app/data/T0031/42903/b8539ai/LMSdt3-42903/version_3/lms_frontend/src/index.css
2026-02-24 07:04:50,679 - Knowledge - INFO - process ingested knowledge for /app/data/T0031/42903/b8539ai/LMSdt3-42903/version_3/lms_frontend/src/App.css
2026-02-24 07:04:50,680 - Knowledge - INFO - process ingested knowledge for /app/data/T0031/42903/b8539ai/LMSdt3-42903/version_1/lms_backend/scripts/test-course-requests.js
2026-02-24 07:04:50,846 - Knowledge - INFO - process ingested knowledge for /app/data/T0031/42903/b8539ai/LMSdt3-42903/version_1/lms_backend/src/entities/Quiz.js
2026-02-24 07:04:50,962 - Knowledge - INFO - Worker kw6 processing /app/data/T0031/42903/b8539ai/LMSdt3-42903/version_1/lms_backend/src/entities/AiQuizAttempt.js
2026-02-24 07:04:51,143 - Knowledge - INFO - [WEBSOCKET] Sent: Type=unknown, Size: ?, Duration: 840ms
2026-02-24 07:04:51,165 - Knowledge - INFO - [kw18] Queue=53, InProgress=0, PendingWorkers=20/20, Completed=310/411 (75.4%)
2026-02-24 07:04:51,703 - Knowledge - INFO - Fast-tracked /app/data/T0031/42903/b8539ai/LMSdt3-42903/version_1/lms_backend/src/middleware/auth.js (small file (2468 bytes))
2026-02-24 07:04:51,748 - Knowledge - INFO - Worker kw6 processing /app/data/T0031/42903/b8539ai/LMSdt3-42903/version_1/lms_backend/src/entities/AssessmentSubmission.js
2026-02-24 07:04:51,779 - Knowledge - INFO - process ingested knowledge for /app/data/T0031/42903/b8539ai/LMSdt3-42903/version_1/lms_backend/src/entities/MediaMetadata.js
2026-02-24 07:04:51,829 - Knowledge - INFO - Progress: 75.4% | Files: 310/411 | Rate: 1.57 files/sec | Queue: 53
2026-02-24 07:04:51,832 - Knowledge - INFO - [LLM_CALL] Completed: final-wrapup.js:chunk1, Duration: 10306ms, PromptTokens: 4060, CompletionTokens: 407, Cost: $0.00057
2026-02-24 07:04:51,950 - Knowledge - INFO - Batch sizing: calculated=4, max_allowed=10, queue=53, active_workers=20/20
2026-02-24 07:04:52,028 - Knowledge - INFO - Async storage completed for 6 embeddings
2026-02-24 07:04:52,133 - Knowledge - INFO - Fast-tracked /app/data/T0031/42903/b8539ai/LMSdt3-42903/version_1/lms_backend/src/entities/AssessmentSubmission.js (ext=.js, size=1415)
2026-02-24 07:04:52,193 - Knowledge - INFO - [kw16] Queue=53, InProgress=0, PendingWorkers=20/20, Completed=310/411 (75.4%)
2026-02-24 07:04:52,412 - Knowledge - INFO - done ingest for /app/data/T0031/42903/b8539ai/LMSdt3-42903/version_1/lms_backend/scripts/final-wrapup.js
2026-02-24 07:04:52,636 - Knowledge - INFO - process ingested knowledge for /app/data/T0031/42903/b8539ai/LMSdt3-42903/version_1/lms_backend/src/entities/Course.js
2026-02-24 07:04:52,684 - Knowledge - INFO - Worker kw6 processing /app/data/T0031/42903/b8539ai/LMSdt3-42903/version_1/lms_backend/src/entities/QuizAttempt.js
2026-02-24 07:04:52,766 - Knowledge - INFO - Batch sizing: calculated=4, max_allowed=10, queue=53, active_workers=20/20
2026-02-24 07:04:52,805 - Knowledge - INFO - Async storing batch of 5 embeddings
2026-02-24 07:04:52,970 - Knowledge - INFO - [kw15] Queue=49, InProgress=0, PendingWorkers=20/20, Completed=310/411 (75.4%)
2026-02-24 07:04:53,053 - Knowledge - INFO - Fast-tracked /app/data/T0031/42903/b8539ai/LMSdt3-42903/version_1/lms_backend/src/entities/QuizAttempt.js (ext=.js, size=1333)
2026-02-24 07:04:53,130 - Knowledge - INFO - [kw14] Queue=49, InProgress=0, PendingWorkers=20/20, Completed=311/411 (75.7%)
2026-02-24 07:04:53,224 - Knowledge - INFO - Async storing batch of 5 embeddings
2026-02-24 07:04:53,226 - Knowledge - INFO - Worker kw18 processing /app/data/T0031/42903/b8539ai/LMSdt3-42903/version_1/lms_backend/src/entities/CalendarEvent.js
2026-02-24 07:04:53,346 - Knowledge - INFO - Batch sizing: calculated=4, max_allowed=10, queue=49, active_workers=20/20
2026-02-24 07:04:53,443 - Knowledge - INFO - [kw19] Queue=45, InProgress=0, PendingWorkers=20/20, Completed=311/411 (75.7%)
2026-02-24 07:04:53,448 - Knowledge - INFO - Fast-tracked /app/data/T0031/42903/b8539ai/LMSdt3-42903/version_1/lms_backend/src/entities/AiQuizAttempt.js (small file (2190 bytes))
2026-02-24 07:04:53,533 - Knowledge - INFO - Batch sizing: calculated=4, max_allowed=10, queue=49, active_workers=20/20
2026-02-24 07:04:53,626 - Knowledge - INFO - Worker kw16 processing /app/data/T0031/42903/b8539ai/LMSdt3-42903/version_1/lms_backend/src/migrations/1700000001700-CreateCourseEnrollmentsTable.js
2026-02-24 07:04:53,726 - Knowledge - INFO - Fast-tracked /app/data/T0031/42903/b8539ai/LMSdt3-42903/version_1/lms_backend/src/entities/CalendarEvent.js (ext=.js, size=1415)
2026-02-24 07:04:53,821 - Knowledge - INFO - [kw11] Queue=45, InProgress=0, PendingWorkers=20/20, Completed=312/411 (75.9%)
2026-02-24 07:04:53,879 - Knowledge - INFO - Batch sizing: calculated=4, max_allowed=10, queue=45, active_workers=20/20
2026-02-24 07:04:53,958 - Knowledge - INFO - Async storing batch of 5 embeddings
2026-02-24 07:04:53,958 - Knowledge - INFO - [kw20] Queue=41, InProgress=0, PendingWorkers=20/20, Completed=313/411 (76.2%)
2026-02-24 07:04:53,959 - Knowledge - INFO - [kw9] Queue=41, InProgress=0, PendingWorkers=20/20, Completed=313/411 (76.2%)
2026-02-24 07:04:53,973 - Knowledge - INFO - Processing batch of 5 files
2026-02-24 07:04:53,994 - Knowledge - INFO - Async storage completed for 5 embeddings
2026-02-24 07:04:54,184 - Knowledge - INFO - Async storing batch of 5 embeddings
2026-02-24 07:04:54,224 - Knowledge - INFO - Fast-tracked /app/data/T0031/42903/b8539ai/LMSdt3-42903/version_1/lms_backend/src/migrations/1700000001700-CreateCourseEnrollmentsTable.js (ext=.js, size=1083)
2026-02-24 07:04:54,238 - Knowledge - INFO - [kw7] Queue=37, InProgress=0, PendingWorkers=20/20, Completed=315/411 (76.6%)
2026-02-24 07:04:54,341 - Knowledge - INFO - Worker kw18 processing /app/data/T0031/42903/b8539ai/LMSdt3-42903/version_1/lms_backend/src/entities/UserProgress.js
2026-02-24 07:04:54,414 - Knowledge - INFO - Batch sizing: calculated=4, max_allowed=10, queue=45, active_workers=20/20
2026-02-24 07:04:54,490 - Knowledge - INFO - Async storing batch of 5 embeddings
2026-02-24 07:04:54,637 - Knowledge - INFO - Worker kw15 processing /app/data/T0031/42903/b8539ai/LMSdt3-42903/version_1/lms_backend/src/migrations/1700000002500-AddAssessmentStatusAndSubmissions.js
2026-02-24 07:04:54,777 - Knowledge - INFO - Batch sizing: calculated=4, max_allowed=10, queue=41, active_workers=20/20
2026-02-24 07:04:54,890 - Knowledge - INFO - Batch sizing: calculated=4, max_allowed=10, queue=41, active_workers=20/20
2026-02-24 07:04:55,002 - Knowledge - INFO - process ingested knowledge for /app/data/T0031/42903/b8539ai/LMSdt3-42903/version_1/lms_backend/scripts/create-ai-quiz-table.js
2026-02-24 07:04:55,171 - Knowledge - INFO - Processing batch of 4 files
2026-02-24 07:04:55,210 - Knowledge - INFO - Worker kw14 processing /app/data/T0031/42903/b8539ai/LMSdt3-42903/version_1/lms_backend/src/migrations/1700000002400-AddQuizPassCriteria.js
2026-02-24 07:04:55,322 - Knowledge - INFO - Worker kw16 processing /app/data/T0031/42903/b8539ai/LMSdt3-42903/version_1/lms_backend/src/migrations/1700000000900-AddUserProfessionalTitle.js
2026-02-24 07:04:55,428 - Knowledge - INFO - Batch sizing: calculated=4, max_allowed=10, queue=37, active_workers=20/20
2026-02-24 07:04:55,531 - Knowledge - INFO - Fast-tracked /app/data/T0031/42903/b8539ai/LMSdt3-42903/version_1/lms_backend/src/entities/UserProgress.js (ext=.js, size=1099)
2026-02-24 07:04:55,646 - Knowledge - INFO - Async storing batch of 5 embeddings
2026-02-24 07:04:55,768 - Knowledge - INFO - Worker kw19 processing /app/data/T0031/42903/b8539ai/LMSdt3-42903/version_1/lms_backend/src/migrations/1700000001300-CreateQuizzesAndQuizAttempts.js
2026-02-24 07:04:55,897 - Knowledge - INFO - Worker kw15 processing /app/data/T0031/42903/b8539ai/LMSdt3-42903/version_1/lms_backend/src/migrations/1700000002200-AddCourseThumbnail.js
2026-02-24 07:04:56,004 - Knowledge - INFO - Async storing batch of 5 embeddings
2026-02-24 07:04:56,105 - Knowledge - INFO - Async storing batch of 5 embeddings
2026-02-24 07:04:56,223 - Knowledge - INFO - process ingested knowledge for /app/data/T0031/42903/b8539ai/LMSdt3-42903/version_1/lms_backend/scripts/final-wrapup.js
2026-02-24 07:04:56,261 - Knowledge - INFO - Fast-tracked /app/data/T0031/42903/b8539ai/LMSdt3-42903/version_1/lms_backend/src/routes/learnerCertificates.js (small file (2535 bytes))
2026-02-24 07:04:56,330 - Knowledge - INFO - process ingested knowledge for /app/data/T0031/42903/b8539ai/LMSdt3-42903/version_1/lms_backend/src/entities/Assessment.js
2026-02-24 07:04:56,410 - Knowledge - INFO - Fast-tracked /app/data/T0031/42903/b8539ai/LMSdt3-42903/version_1/lms_backend/src/migrations/1700000002400-AddQuizPassCriteria.js (ext=.js, size=1132)
2026-02-24 07:04:56,528 - Knowledge - INFO - Fast-tracked /app/data/T0031/42903/b8539ai/LMSdt3-42903/version_1/lms_backend/src/migrations/1700000000900-AddUserProfessionalTitle.js (ext=.js, size=1183)
2026-02-24 07:04:56,629 - Knowledge - INFO - Async storing batch of 4 embeddings
2026-02-24 07:04:56,698 - Knowledge - INFO - Worker kw18 processing /app/data/T0031/42903/b8539ai/LMSdt3-42903/version_1/lms_backend/src/entities/Lesson.js
2026-02-24 07:04:56,795 - Knowledge - INFO - Worker kw11 processing /app/data/T0031/42903/b8539ai/LMSdt3-42903/version_1/lms_backend/src/migrations/1700000001400-AddCourseVideoUrl.js
2026-02-24 07:04:56,870 - Knowledge - INFO - Worker kw19 processing /app/data/T0031/42903/b8539ai/LMSdt3-42903/version_1/lms_backend/src/migrations/1700000000400-CreateMediaMetadataTable.js
2026-02-24 07:04:56,957 - Knowledge - INFO - Fast-tracked /app/data/T0031/42903/b8539ai/LMSdt3-42903/version_1/lms_backend/src/migrations/1700000002200-AddCourseThumbnail.js (ext=.js, size=873)
2026-02-24 07:04:57,075 - Knowledge - INFO - Worker kw20 processing /app/data/T0031/42903/b8539ai/LMSdt3-42903/version_1/lms_backend/src/migrations/1700000000200-AddLessonVideoFields.js
2026-02-24 07:04:57,166 - Knowledge - INFO - Worker kw9 processing /app/data/T0031/42903/b8539ai/LMSdt3-42903/version_1/lms_backend/src/migrations/1700000000100-AddLessonAiFields.js
2026-02-24 07:04:57,247 - Knowledge - INFO - process ingested knowledge for /app/data/T0031/42903/b8539ai/LMSdt3-42903/version_1/lms_backend/scripts/add-manager-role.js
2026-02-24 07:04:57,447 - Knowledge - INFO - process ingested knowledge for /app/data/T0031/42903/b8539ai/LMSdt3-42903/version_1/lms_backend/src/entities/AiQuizAttempt.js
2026-02-24 07:04:57,536 - Knowledge - INFO - Worker kw14 processing /app/data/T0031/42903/b8539ai/LMSdt3-42903/version_1/lms_backend/src/migrations/1700000000700-AddManagerRoleToUsers.js
2026-02-24 07:04:57,654 - Knowledge - INFO - Worker kw16 processing /app/data/T0031/42903/b8539ai/LMSdt3-42903/version_1/lms_backend/src/migrations/1700000002000-AddCourseOverviewOutcomesPlaylist.js
2026-02-24 07:04:57,746 - Knowledge - INFO - Worker kw7 processing /app/data/T0031/42903/b8539ai/LMSdt3-42903/version_1/lms_backend/S3_INTEGRATION.md
2026-02-24 07:04:57,836 - Knowledge - INFO - Async storage completed for 5 embeddings
2026-02-24 07:04:57,866 - Knowledge - INFO - Fast-tracked /app/data/T0031/42903/b8539ai/LMSdt3-42903/version_1/lms_backend/src/entities/Lesson.js (ext=.js, size=1914)
2026-02-24 07:04:57,951 - Knowledge - INFO - Fast-tracked /app/data/T0031/42903/b8539ai/LMSdt3-42903/version_1/lms_backend/src/migrations/1700000001400-AddCourseVideoUrl.js (ext=.js, size=386)
2026-02-24 07:04:58,080 - Knowledge - INFO - Worker kw19 processing /app/data/T0031/42903/b8539ai/LMSdt3-42903/version_1/lms_backend/src/migrations/1700000000000-InitUsersCoursesLessons.js
2026-02-24 07:04:58,134 - Knowledge - INFO - Worker kw15 processing /app/data/T0031/42903/b8539ai/LMSdt3-42903/version_1/lms_backend/src/migrations/1700000001100-AddUserProfileFields.js
2026-02-24 07:04:58,232 - Knowledge - INFO - Fast-tracked /app/data/T0031/42903/b8539ai/LMSdt3-42903/version_1/lms_backend/src/migrations/1700000000200-AddLessonVideoFields.js (ext=.js, size=713)
2026-02-24 07:04:58,346 - Knowledge - INFO - Fast-tracked /app/data/T0031/42903/b8539ai/LMSdt3-42903/version_1/lms_backend/src/migrations/1700000000100-AddLessonAiFields.js (ext=.js, size=717)
2026-02-24 07:04:58,364 - Knowledge - INFO - [LLM_CALL] Completed: db.js:chunk1, Duration: 12760ms, PromptTokens: 4080, CompletionTokens: 662, Cost: $0.00067
2026-02-24 07:04:58,439 - Knowledge - INFO - process ingested knowledge for /app/data/T0031/42903/b8539ai/LMSdt3-42903/version_1/lms_backend/scripts/add-course-statuses.js
2026-02-24 07:04:58,553 - Knowledge - INFO - process ingested knowledge for /app/data/T0031/42903/b8539ai/LMSdt3-42903/version_1/lms_backend/src/entities/AssessmentSubmission.js
2026-02-24 07:04:58,635 - Knowledge - INFO - Fast-tracked /app/data/T0031/42903/b8539ai/LMSdt3-42903/version_1/lms_backend/src/migrations/1700000000700-AddManagerRoleToUsers.js (ext=.js, size=791)
2026-02-24 07:04:58,727 - Knowledge - INFO - Fast-tracked /app/data/T0031/42903/b8539ai/LMSdt3-42903/version_1/lms_backend/src/migrations/1700000002000-AddCourseOverviewOutcomesPlaylist.js (ext=.js, size=928)
2026-02-24 07:04:58,811 - Knowledge - INFO - Fast-tracked /app/data/T0031/42903/b8539ai/LMSdt3-42903/version_1/lms_backend/S3_INTEGRATION.md (ext=.md, size=8066)
2026-02-24 07:04:59,026 - Knowledge - INFO - Worker kw18 processing /app/data/T0031/42903/b8539ai/LMSdt3-42903/version_1/lms_backend/src/migrations/1700000002300-AddAssessmentDescription.js
2026-02-24 07:04:59,125 - Knowledge - INFO - Worker kw11 processing /app/data/T0031/42903/b8539ai/LMSdt3-42903/version_1/lms_backend/src/migrations/1700000001900-CreateCalendarEventsAndAssessments.js
2026-02-24 07:04:59,209 - Knowledge - INFO - Worker kw19 processing /app/data/T0031/42903/b8539ai/LMSdt3-42903/version_1/lms_backend/src/migrations/1700000000800-CreateAiQuizAttemptsTable.js
2026-02-24 07:04:59,290 - Knowledge - INFO - Worker kw15 processing /app/data/T0031/42903/b8539ai/LMSdt3-42903/version_1/lms_backend/src/migrations/1700000001800-AddUserLearningProfile.js
2026-02-24 07:04:59,293 - Knowledge - INFO - Async storage completed for 5 embeddings
2026-02-24 07:04:59,363 - Knowledge - INFO - Worker kw20 processing /app/data/T0031/42903/b8539ai/LMSdt3-42903/version_1/lms_backend/src/migrations/1700000002100-AddAssessmentPassCriteriaAndOptionalDue.js
2026-02-24 07:04:59,430 - Knowledge - INFO - Worker kw9 processing /app/data/T0031/42903/b8539ai/LMSdt3-42903/version_1/lms_backend/src/migrations/1700000000500-AddUserStatusColumn.js
2026-02-24 07:04:59,540 - Knowledge - INFO - done ingest for /app/data/T0031/42903/b8539ai/LMSdt3-42903/version_1/lms_backend/src/config/db.js
2026-02-24 07:04:59,631 - Knowledge - INFO - process ingested knowledge for /app/data/T0031/42903/b8539ai/LMSdt3-42903/version_1/lms_backend/scripts/create-notifications-table.js
2026-02-24 07:04:59,749 - Knowledge - INFO - process ingested knowledge for /app/data/T0031/42903/b8539ai/LMSdt3-42903/version_1/lms_backend/src/entities/QuizAttempt.js
2026-02-24 07:04:59,860 - Knowledge - INFO - Worker kw14 processing /app/data/T0031/42903/b8539ai/LMSdt3-42903/version_1/lms_backend/src/migrations/1700000001500-CreateUserProgressTable.js
2026-02-24 07:05:00,005 - Knowledge - INFO - Worker kw16 processing /app/data/T0031/42903/b8539ai/LMSdt3-42903/version_1/lms_backend/src/migrations/1700000000600-CreateNotificationsTable.js
2026-02-24 07:05:00,152 - Knowledge - INFO - Worker kw7 processing /app/data/T0031/42903/b8539ai/LMSdt3-42903/version_1/lms_backend/nodemon.json
2026-02-24 07:05:00,263 - Knowledge - INFO - Fast-tracked /app/data/T0031/42903/b8539ai/LMSdt3-42903/version_1/lms_backend/src/migrations/1700000002300-AddAssessmentDescription.js (ext=.js, size=908)
2026-02-24 07:05:00,350 - Knowledge - INFO - Worker kw11 processing /app/data/T0031/42903/b8539ai/LMSdt3-42903/version_1/lms_backend/src/migrations/1700000000300-AddUserReadinessScore.js
2026-02-24 07:05:00,449 - Knowledge - INFO - Fast-tracked /app/data/T0031/42903/b8539ai/LMSdt3-42903/version_1/lms_backend/src/migrations/1700000000800-CreateAiQuizAttemptsTable.js (ext=.js, size=1843)
2026-02-24 07:05:00,528 - Knowledge - INFO - Fast-tracked /app/data/T0031/42903/b8539ai/LMSdt3-42903/version_1/lms_backend/src/migrations/1700000001800-AddUserLearningProfile.js (ext=.js, size=1036)
2026-02-24 07:05:00,704 - Knowledge - INFO - Fast-tracked /app/data/T0031/42903/b8539ai/LMSdt3-42903/version_1/lms_backend/src/migrations/1700000002100-AddAssessmentPassCriteriaAndOptionalDue.js (ext=.js, size=1595)
2026-02-24 07:05:00,852 - Knowledge - INFO - Fast-tracked /app/data/T0031/42903/b8539ai/LMSdt3-42903/version_1/lms_backend/src/migrations/1700000000500-AddUserStatusColumn.js (ext=.js, size=1401)
2026-02-24 07:05:01,055 - Knowledge - INFO - Processing batch of 4 files
2026-02-24 07:05:01,278 - Knowledge - INFO - Fast-tracked /app/data/T0031/42903/b8539ai/LMSdt3-42903/version_1/lms_backend/src/migrations/1700000001500-CreateUserProgressTable.js (ext=.js, size=1027)
2026-02-24 07:05:01,385 - Knowledge - INFO - Fast-tracked /app/data/T0031/42903/b8539ai/LMSdt3-42903/version_1/lms_backend/src/migrations/1700000000600-CreateNotificationsTable.js (ext=.js, size=1683)
2026-02-24 07:05:01,475 - Knowledge - INFO - Fast-tracked /app/data/T0031/42903/b8539ai/LMSdt3-42903/version_1/lms_backend/nodemon.json (ext=.json, size=148)
2026-02-24 07:05:01,553 - Knowledge - INFO - Async storage completed for 5 embeddings
2026-02-24 07:05:01,673 - Knowledge - INFO - Fast-tracked /app/data/T0031/42903/b8539ai/LMSdt3-42903/version_1/lms_backend/src/migrations/1700000000300-AddUserReadinessScore.js (ext=.js, size=975)
2026-02-24 07:05:01,796 - Knowledge - INFO - Fast-tracked /app/data/T0031/42903/b8539ai/LMSdt3-42903/version_1/lms_backend/src/migrations/1700000001300-CreateQuizzesAndQuizAttempts.js (small file (2212 bytes))
2026-02-24 07:05:01,956 - Knowledge - INFO - Fast-tracked /app/data/T0031/42903/b8539ai/LMSdt3-42903/version_1/lms_backend/src/migrations/1700000002500-AddAssessmentStatusAndSubmissions.js (small file (2206 bytes))
2026-02-24 07:05:02,077 - Knowledge - INFO - Worker kw20 processing /app/data/T0031/42903/b8539ai/LMSdt3-42903/version_1/lms_backend/src/migrations/1700000001200-AddHybridAuthFields.js
2026-02-24 07:05:02,184 - Knowledge - INFO - Worker kw9 processing /app/data/T0031/42903/b8539ai/LMSdt3-42903/version_1/lms_backend/src/typeorm-datasource.js
2026-02-24 07:05:02,298 - Knowledge - INFO - process ingested knowledge for /app/data/T0031/42903/b8539ai/LMSdt3-42903/version_1/lms_backend/src/config/db.js
2026-02-24 07:05:02,440 - Knowledge - INFO - Worker kw14 processing /app/data/T0031/42903/b8539ai/LMSdt3-42903/version_1/lms_backend/src/migrations/1700000001600-CreateCourseCompletionsTable.js
2026-02-24 07:05:02,864 - Knowledge - INFO - Async storage completed for 5 embeddings
2026-02-24 07:05:02,995 - Knowledge - INFO - Worker kw7 processing /app/data/T0031/42903/b8539ai/LMSdt3-42903/version_1/lms_backend/START_BACKEND.md
2026-02-24 07:05:03,262 - Knowledge - INFO - Worker kw11 processing /app/data/T0031/42903/b8539ai/LMSdt3-42903/version_1/lms_backend/src/migrations/1700000002600-AddNotificationTypesForAssessments.js
2026-02-24 07:05:03,265 - Knowledge - INFO - [WEBSOCKET] Sent: Type=progress_update, Size: 293, Duration: 0ms
2026-02-24 07:05:03,371 - Knowledge - INFO - Async storage completed for 6 embeddings
2026-02-24 07:05:03,392 - Knowledge - INFO - Fast-tracked /app/data/T0031/42903/b8539ai/LMSdt3-42903/version_1/lms_backend/src/migrations/1700000000400-CreateMediaMetadataTable.js (small file (2179 bytes))
2026-02-24 07:05:03,512 - Knowledge - INFO - Fast-tracked /app/data/T0031/42903/b8539ai/LMSdt3-42903/version_1/lms_backend/src/migrations/1700000001100-AddUserProfileFields.js (small file (2003 bytes))
2026-02-24 07:05:03,655 - Knowledge - INFO - Async storage completed for 6 embeddings
2026-02-24 07:05:03,664 - Knowledge - INFO - Worker kw20 processing /app/data/T0031/42903/b8539ai/LMSdt3-42903/version_1/lms_backend/src/migrations/1700000001000-AddPasswordResetFields.js
2026-02-24 07:05:03,787 - Knowledge - INFO - Fast-tracked /app/data/T0031/42903/b8539ai/LMSdt3-42903/version_1/lms_backend/src/typeorm-datasource.js (ext=.js, size=263)
2026-02-24 07:05:03,913 - Knowledge - INFO - process ingested knowledge for /app/data/T0031/42903/b8539ai/LMSdt3-42903/version_1/lms_backend/src/middleware/auth.js
2026-02-24 07:05:04,163 - Knowledge - INFO - Fast-tracked /app/data/T0031/42903/b8539ai/LMSdt3-42903/version_1/lms_backend/src/migrations/1700000001600-CreateCourseCompletionsTable.js (ext=.js, size=1084)
2026-02-24 07:05:04,514 - Knowledge - INFO - Fast-tracked /app/data/T0031/42903/b8539ai/LMSdt3-42903/version_1/lms_backend/START_BACKEND.md (ext=.md, size=1890)
2026-02-24 07:05:04,657 - Knowledge - INFO - Fast-tracked /app/data/T0031/42903/b8539ai/LMSdt3-42903/version_1/lms_backend/src/migrations/1700000002600-AddNotificationTypesForAssessments.js (ext=.js, size=966)
2026-02-24 07:05:04,765 - Knowledge - INFO - [LLM_CALL] Completed: User.js:chunk1, Duration: 13623ms, PromptTokens: 2512, CompletionTokens: 235, Cost: $0.00035
2026-02-24 07:05:05,157 - Knowledge - INFO - Async storage completed for 5 embeddings
2026-02-24 07:05:05,393 - Knowledge - INFO - Async storage completed for 6 embeddings
2026-02-24 07:05:05,408 - Knowledge - INFO - Fast-tracked /app/data/T0031/42903/b8539ai/LMSdt3-42903/version_1/lms_backend/src/migrations/1700000001000-AddPasswordResetFields.js (ext=.js, size=1697)
2026-02-24 07:05:05,531 - Knowledge - INFO - Worker kw9 processing /app/data/T0031/42903/b8539ai/LMSdt3-42903/version_1/lms_backend/src/controllers/health.js
2026-02-24 07:05:05,542 - Knowledge - INFO - Async storage completed for 5 embeddings
2026-02-24 07:05:05,647 - Knowledge - INFO - process ingested knowledge for /app/data/T0031/42903/b8539ai/LMSdt3-42903/version_1/lms_backend/src/middleware/rbac.js
2026-02-24 07:05:05,755 - Knowledge - INFO - Async storage completed for 5 embeddings
2026-02-24 07:05:05,895 - Knowledge - INFO - Worker kw7 processing /app/data/T0031/42903/b8539ai/LMSdt3-42903/version_1/lms_backend/package.json
2026-02-24 07:05:06,046 - Knowledge - INFO - Fast-tracked /app/data/T0031/42903/b8539ai/LMSdt3-42903/version_1/lms_backend/src/migrations/1700000001900-CreateCalendarEventsAndAssessments.js (small file (2702 bytes))
2026-02-24 07:05:06,129 - Knowledge - INFO - done ingest for /app/data/T0031/42903/b8539ai/LMSdt3-42903/version_1/lms_backend/src/entities/User.js
2026-02-24 07:05:06,162 - Knowledge - INFO - [WEBSOCKET] Sent: Type=unknown, Size: ?, Duration: 2897ms
2026-02-24 07:05:06,555 - Knowledge - INFO - Fast-tracked /app/data/T0031/42903/b8539ai/LMSdt3-42903/version_1/lms_backend/src/migrations/1700000001200-AddHybridAuthFields.js (small file (2676 bytes))
2026-02-24 07:05:06,729 - Knowledge - INFO - Fast-tracked /app/data/T0031/42903/b8539ai/LMSdt3-42903/version_1/lms_backend/src/controllers/health.js (ext=.js, size=328)
2026-02-24 07:05:06,985 - Knowledge - INFO - process ingested knowledge for /app/data/T0031/42903/b8539ai/LMSdt3-42903/version_1/lms_backend/src/middleware/index.js
2026-02-24 07:05:07,360 - Knowledge - INFO - Fast-tracked /app/data/T0031/42903/b8539ai/LMSdt3-42903/version_1/lms_backend/package.json (ext=.json, size=2124)
2026-02-24 07:05:07,433 - Knowledge - INFO - Async storage completed for 5 embeddings
2026-02-24 07:05:07,670 - Knowledge - INFO - Async storage completed for 5 embeddings
2026-02-24 07:05:07,772 - Knowledge - INFO - Progress: 78.6% | Files: 328/411 | Rate: 1.56 files/sec | Queue: 17
2026-02-24 07:05:07,775 - Knowledge - INFO - [kw12] Queue=17, InProgress=0, PendingWorkers=20/20, Completed=328/411 (79.8%)
2026-02-24 07:05:07,851 - Knowledge - INFO - [LLM_CALL] Completed: storage.js:chunk1, Duration: 18823ms, PromptTokens: 2884, CompletionTokens: 407, Cost: $0.00045
2026-02-24 07:05:07,860 - Knowledge - INFO - Async storage completed for 5 embeddings
2026-02-24 07:05:08,078 - Knowledge - INFO - Async storage completed for 5 embeddings
2026-02-24 07:05:08,328 - Knowledge - INFO - Async storage completed for 4 embeddings
2026-02-24 07:05:08,901 - Knowledge - INFO - Batch sizing: calculated=4, max_allowed=10, queue=17, active_workers=20/20
2026-02-24 07:05:09,024 - Knowledge - INFO - done ingest for /app/data/T0031/42903/b8539ai/LMSdt3-42903/version_1/lms_backend/src/services/storage.js
2026-02-24 07:05:09,034 - Knowledge - INFO - [kw6] Queue=17, InProgress=0, PendingWorkers=20/20, Completed=330/411 (80.3%)
2026-02-24 07:05:09,588 - Knowledge - INFO - Processing batch of 4 files
2026-02-24 07:05:09,595 - Knowledge - INFO - Processing batch of 4 files
2026-02-24 07:05:09,676 - Knowledge - INFO - Processing batch of 4 files
2026-02-24 07:05:09,958 - Knowledge - INFO - Batch sizing: calculated=4, max_allowed=10, queue=17, active_workers=20/20
2026-02-24 07:05:10,142 - Knowledge - INFO - process ingested knowledge for /app/data/T0031/42903/b8539ai/LMSdt3-42903/version_1/lms_backend/src/migrations/1700000002400-AddQuizPassCriteria.js
2026-02-24 07:05:10,315 - Knowledge - INFO - Async storing batch of 5 embeddings
2026-02-24 07:05:10,363 - Knowledge - INFO - Processing batch of 4 files
2026-02-24 07:05:10,388 - Knowledge - INFO - [WEBSOCKET] Sent: Type=progress_update, Size: 290, Duration: 0ms
2026-02-24 07:05:10,423 - Knowledge - INFO - process ingested knowledge for /app/data/T0031/42903/b8539ai/LMSdt3-42903/version_1/lms_backend/src/migrations/1700000001700-CreateCourseEnrollmentsTable.js
2026-02-24 07:05:10,632 - Knowledge - INFO - process ingested knowledge for /app/data/T0031/42903/b8539ai/LMSdt3-42903/version_1/lms_backend/src/entities/CalendarEvent.js
2026-02-24 07:05:10,728 - Knowledge - INFO - Async storage completed for 5 embeddings
2026-02-24 07:05:11,047 - Knowledge - INFO - process ingested knowledge for /app/data/T0031/42903/b8539ai/LMSdt3-42903/version_1/lms_backend/src/migrations/1700000000700-AddManagerRoleToUsers.js
2026-02-24 07:05:11,054 - Knowledge - INFO - Async storage completed for 6 embeddings
2026-02-24 07:05:11,149 - Knowledge - INFO - Worker kw12 processing /app/data/T0031/42903/b8539ai/LMSdt3-42903/version_1/lms_backend/MIGRATION_STATUS_FIX.md
2026-02-24 07:05:11,258 - Knowledge - INFO - process ingested knowledge for /app/data/T0031/42903/b8539ai/LMSdt3-42903/version_1/lms_backend/S3_INTEGRATION.md
2026-02-24 07:05:11,481 - Knowledge - INFO - Processing batch of 4 files
2026-02-24 07:05:11,523 - Knowledge - INFO - Async storing batch of 4 embeddings
2026-02-24 07:05:11,547 - Knowledge - INFO - Processing batch of 4 files
2026-02-24 07:05:11,547 - Knowledge - INFO - [WEBSOCKET] Sent: Type=unknown, Size: ?, Duration: 1159ms
2026-02-24 07:05:11,564 - Knowledge - INFO - process ingested knowledge for /app/data/T0031/42903/b8539ai/LMSdt3-42903/version_1/lms_backend/src/migrations/1700000000900-AddUserProfessionalTitle.js
2026-02-24 07:05:11,762 - Knowledge - INFO - process ingested knowledge for /app/data/T0031/42903/b8539ai/LMSdt3-42903/version_1/lms_backend/src/entities/UserProgress.js
2026-02-24 07:05:12,107 - Knowledge - INFO - process ingested knowledge for /app/data/T0031/42903/b8539ai/LMSdt3-42903/version_1/lms_backend/src/migrations/1700000001500-CreateUserProgressTable.js
2026-02-24 07:05:12,335 - Knowledge - INFO - Fast-tracked /app/data/T0031/42903/b8539ai/LMSdt3-42903/version_1/lms_backend/MIGRATION_STATUS_FIX.md (ext=.md, size=1516)
2026-02-24 07:05:12,422 - Knowledge - INFO - process ingested knowledge for /app/data/T0031/42903/b8539ai/LMSdt3-42903/version_1/lms_backend/nodemon.json
2026-02-24 07:05:12,612 - Knowledge - INFO - process ingested knowledge for /app/data/T0031/42903/b8539ai/LMSdt3-42903/version_1/lms_backend/src/migrations/1700000001400-AddCourseVideoUrl.js
2026-02-24 07:05:13,535 - Knowledge - INFO - process ingested knowledge for /app/data/T0031/42903/b8539ai/LMSdt3-42903/version_1/lms_backend/src/migrations/1700000001600-CreateCourseCompletionsTable.js
2026-02-24 07:05:12,957 - Knowledge - INFO - process ingested knowledge for /app/data/T0031/42903/b8539ai/LMSdt3-42903/version_1/lms_backend/src/entities/CourseEnrollment.js
2026-02-24 07:05:13,107 - Knowledge - INFO - Progress: 86.1% | Files: 357/411 | Rate: 1.65 files/sec | Queue: 9
2026-02-24 07:05:13,127 - Knowledge - INFO - Processing batch of 4 files
2026-02-24 07:05:13,169 - Knowledge - INFO - [LLM_CALL] Completed: seed.js:chunk1, Duration: 29238ms, PromptTokens: 4792, CompletionTokens: 448, Cost: $0.00066
2026-02-24 07:05:13,266 - Knowledge - INFO - process ingested knowledge for /app/data/T0031/42903/b8539ai/LMSdt3-42903/version_1/lms_backend/src/migrations/1700000002000-AddCourseOverviewOutcomesPlaylist.js
2026-02-24 07:05:13,420 - Knowledge - INFO - process ingested knowledge for /app/data/T0031/42903/b8539ai/LMSdt3-42903/version_1/lms_backend/src/entities/Lesson.js
2026-02-24 07:05:12,758 - Knowledge - INFO - Worker kw6 processing /app/data/T0031/42903/b8539ai/LMSdt3-42903/version_1/lms_backend/MIGRATION_CONNECT_TROUBLESHOOTING.md
2026-02-24 07:05:13,658 - Knowledge - INFO - Worker kw12 processing /app/data/T0031/42903/b8539ai/LMSdt3-42903/version_1/lms_backend/eslint.config.js
2026-02-24 07:05:13,829 - Knowledge - INFO - process ingested knowledge for /app/data/T0031/42903/b8539ai/LMSdt3-42903/version_1/lms_backend/START_BACKEND.md
2026-02-24 07:05:13,981 - Knowledge - INFO - process ingested knowledge for /app/data/T0031/42903/b8539ai/LMSdt3-42903/version_1/lms_backend/src/migrations/1700000001900-CreateCalendarEventsAndAssessments.js
2026-02-24 07:05:14,571 - Knowledge - INFO - process ingested knowledge for /app/data/T0031/42903/b8539ai/LMSdt3-42903/version_1/lms_backend/src/migrations/1700000002500-AddAssessmentStatusAndSubmissions.js
2026-02-24 07:05:14,599 - Knowledge - INFO - process ingested knowledge for /app/data/T0031/42903/b8539ai/LMSdt3-42903/version_1/lms_backend/src/entities/Notification.js
2026-02-24 07:05:14,608 - Knowledge - INFO - [kw2] Queue=9, InProgress=0, PendingWorkers=20/20, Completed=358/411 (87.1%)
2026-02-24 07:05:14,796 - Knowledge - INFO - done ingest for /app/data/T0031/42903/b8539ai/LMSdt3-42903/version_1/lms_backend/src/seeds/seed.js
2026-02-24 07:05:14,848 - Knowledge - INFO - [LLM_CALL] Completed: learnerDashboard.js:chunk1, Duration: 34791ms, PromptTokens: 3158, CompletionTokens: 348, Cost: $0.00046
2026-02-24 07:05:15,068 - Knowledge - INFO - process ingested knowledge for /app/data/T0031/42903/b8539ai/LMSdt3-42903/version_1/lms_backend/src/migrations/1700000000600-CreateNotificationsTable.js
2026-02-24 07:05:15,080 - Knowledge - INFO - process ingested knowledge for /app/data/T0031/42903/b8539ai/LMSdt3-42903/version_1/lms_backend/src/migrations/1700000002300-AddAssessmentDescription.js
2026-02-24 07:05:15,150 - Knowledge - INFO - Fast-tracked /app/data/T0031/42903/b8539ai/LMSdt3-42903/version_1/lms_backend/MIGRATION_CONNECT_TROUBLESHOOTING.md (ext=.md, size=2128)
2026-02-24 07:05:15,387 - Knowledge - INFO - Fast-tracked /app/data/T0031/42903/b8539ai/LMSdt3-42903/version_1/lms_backend/eslint.config.js (ext=.js, size=352)
2026-02-24 07:05:15,525 - Knowledge - INFO - process ingested knowledge for /app/data/T0031/42903/b8539ai/LMSdt3-42903/version_1/lms_backend/package.json
2026-02-24 07:05:15,774 - Knowledge - INFO - process ingested knowledge for /app/data/T0031/42903/b8539ai/LMSdt3-42903/version_1/lms_backend/src/migrations/1700000000300-AddUserReadinessScore.js
2026-02-24 07:05:15,885 - Knowledge - INFO - process ingested knowledge for /app/data/T0031/42903/b8539ai/LMSdt3-42903/version_1/lms_backend/src/migrations/1700000002200-AddCourseThumbnail.js
2026-02-24 07:05:16,007 - Knowledge - INFO - process ingested knowledge for /app/data/T0031/42903/b8539ai/LMSdt3-42903/version_1/lms_backend/src/entities/User.js
2026-02-24 07:05:16,168 - Knowledge - INFO - Batch sizing: calculated=4, max_allowed=10, queue=9, active_workers=20/20
2026-02-24 07:05:16,533 - Knowledge - INFO - done ingest for /app/data/T0031/42903/b8539ai/LMSdt3-42903/version_1/lms_backend/src/routes/learnerDashboard.js
2026-02-24 07:05:16,543 - Knowledge - INFO - [LLM_CALL] Completed: activity.js:chunk1, Duration: 36488ms, PromptTokens: 3242, CompletionTokens: 341, Cost: $0.00046
2026-02-24 07:05:17,419 - Knowledge - INFO - Worker kw6 processing /app/data/T0031/42903/b8539ai/LMSdt3-42903/version_1/lms_backend/RUN_MIGRATION.md
2026-02-24 07:05:17,651 - Knowledge - INFO - Worker kw12 processing /app/data/T0031/42903/b8539ai/LMSdt3-42903/version_1/lms_backend/ENV_AUDIT.md
2026-02-24 07:05:18,476 - Knowledge - INFO - process ingested knowledge for /app/data/T0031/42903/b8539ai/LMSdt3-42903/version_1/lms_backend/src/migrations/1700000002600-AddNotificationTypesForAssessments.js
2026-02-24 07:05:18,484 - Knowledge - INFO - process ingested knowledge for /app/data/T0031/42903/b8539ai/LMSdt3-42903/version_1/lms_backend/src/entities/CourseCompletion.js
2026-02-24 07:05:18,716 - Knowledge - INFO - done ingest for /app/data/T0031/42903/b8539ai/LMSdt3-42903/version_1/lms_backend/src/routes/activity.js
2026-02-24 07:05:18,752 - Knowledge - INFO - [LLM_CALL] Completed: media.js:chunk1, Duration: 26340ms, PromptTokens: 7364, CompletionTokens: 355, Cost: $0.00088
2026-02-24 07:05:18,889 - Knowledge - INFO - Fast-tracked /app/data/T0031/42903/b8539ai/LMSdt3-42903/version_1/lms_backend/RUN_MIGRATION.md (ext=.md, size=1349)
2026-02-24 07:05:18,977 - Knowledge - INFO - Fast-tracked /app/data/T0031/42903/b8539ai/LMSdt3-42903/version_1/lms_backend/ENV_AUDIT.md (ext=.md, size=6627)
2026-02-24 07:05:19,150 - Knowledge - INFO - process ingested knowledge for /app/data/T0031/42903/b8539ai/LMSdt3-42903/version_1/lms_backend/src/migrations/1700000001100-AddUserProfileFields.js
2026-02-24 07:05:19,550 - Knowledge - INFO - done ingest for /app/data/T0031/42903/b8539ai/LMSdt3-42903/version_1/lms_backend/src/routes/media.js
2026-02-24 07:05:19,552 - Knowledge - INFO - Processing batch of 4 files
2026-02-24 07:05:19,558 - Knowledge - INFO - [LLM_CALL] Completed: 1700000000000-InitUsersCoursesLessons.js:chunk1, Duration: 11708ms, PromptTokens: 2588, CompletionTokens: 248, Cost: $0.00036
2026-02-24 07:05:19,623 - Knowledge - INFO - Worker kw6 processing /app/data/T0031/42903/b8539ai/LMSdt3-42903/version_1/lms_backend/README.md
2026-02-24 07:05:19,801 - Knowledge - INFO - Worker kw12 processing /app/data/T0031/42903/b8539ai/LMSdt3-42903/version_1/lms_backend/generate_openapi.js
2026-02-24 07:05:20,379 - Knowledge - INFO - process ingested knowledge for /app/data/T0031/42903/b8539ai/LMSdt3-42903/version_1/lms_backend/src/migrations/1700000000200-AddLessonVideoFields.js
2026-02-24 07:05:20,588 - Knowledge - INFO - done ingest for /app/data/T0031/42903/b8539ai/LMSdt3-42903/version_1/lms_backend/src/migrations/1700000000000-InitUsersCoursesLessons.js
2026-02-24 07:05:20,681 - Knowledge - INFO - [LLM_CALL] Completed: create-admin-account.js:chunk1, Duration: 40645ms, PromptTokens: 2540, CompletionTokens: 310, Cost: $0.00038
2026-02-24 07:05:20,777 - Knowledge - INFO - Fast-tracked /app/data/T0031/42903/b8539ai/LMSdt3-42903/version_1/lms_backend/README.md (ext=.md, size=1883)
2026-02-24 07:05:20,896 - Knowledge - INFO - process ingested knowledge for /app/data/T0031/42903/b8539ai/LMSdt3-42903/version_1/lms_backend/src/migrations/1700000001800-AddUserLearningProfile.js
2026-02-24 07:05:20,956 - Knowledge - INFO - Fast-tracked /app/data/T0031/42903/b8539ai/LMSdt3-42903/version_1/lms_backend/generate_openapi.js (ext=.js, size=369)
2026-02-24 07:05:21,292 - Knowledge - INFO - done ingest for /app/data/T0031/42903/b8539ai/LMSdt3-42903/version_1/lms_backend/scripts/create-admin-account.js
2026-02-24 07:05:21,314 - Knowledge - INFO - Async storing batch of 4 embeddings
2026-02-24 07:05:21,400 - Knowledge - INFO - [LLM_CALL] Completed: learningProfile.js:chunk1, Duration: 23647ms, PromptTokens: 3106, CompletionTokens: 268, Cost: $0.00042
2026-02-24 07:05:21,420 - Knowledge - INFO - Worker kw6 processing /app/data/T0031/42903/b8539ai/LMSdt3-42903/version_1/lms_backend/swagger.js
2026-02-24 07:05:21,763 - Knowledge - INFO - Async storage completed for 5 embeddings
2026-02-24 07:05:22,120 - Knowledge - INFO - Worker kw2 processing /app/data/T0031/42903/b8539ai/LMSdt3-42903/DASHBOARD_DATA_ISSUE_FIX.md
2026-02-24 07:05:22,277 - Knowledge - INFO - done ingest for /app/data/T0031/42903/b8539ai/LMSdt3-42903/version_1/lms_backend/src/routes/learningProfile.js
2026-02-24 07:05:22,344 - Knowledge - INFO - [LLM_CALL] Completed: quizzes.js:chunk1, Duration: 25010ms, PromptTokens: 8012, CompletionTokens: 467, Cost: $0.00099
2026-02-24 07:05:22,468 - Knowledge - INFO - Fast-tracked /app/data/T0031/42903/b8539ai/LMSdt3-42903/version_1/lms_backend/swagger.js (ext=.js, size=1441)
2026-02-24 07:05:22,777 - Knowledge - INFO - Fast-tracked /app/data/T0031/42903/b8539ai/LMSdt3-42903/DASHBOARD_DATA_ISSUE_FIX.md (ext=.md, size=3826)
2026-02-24 07:05:22,901 - Knowledge - INFO - process ingested knowledge for /app/data/T0031/42903/b8539ai/LMSdt3-42903/version_1/lms_backend/src/migrations/1700000002100-AddAssessmentPassCriteriaAndOptionalDue.js
2026-02-24 07:05:23,136 - Knowledge - INFO - done ingest for /app/data/T0031/42903/b8539ai/LMSdt3-42903/version_1/lms_backend/src/routes/quizzes.js
2026-02-24 07:05:23,163 - Knowledge - INFO - [LLM_CALL] Completed: notifications.js:chunk1, Duration: 39235ms, PromptTokens: 2948, CompletionTokens: 346, Cost: $0.00043
2026-02-24 07:05:23,293 - Knowledge - INFO - Async storage completed for 4 embeddings
2026-02-24 07:05:23,320 - Knowledge - INFO - [kw14] Queue=5, InProgress=0, PendingWorkers=20/20, Completed=360/411 (87.6%)
2026-02-24 07:05:23,391 - Knowledge - INFO - Worker kw2 processing /app/data/T0031/42903/b8539ai/LMSdt3-42903/COURSE_SYNC_IMPLEMENTATION.md
2026-02-24 07:05:23,950 - Knowledge - INFO - done ingest for /app/data/T0031/42903/b8539ai/LMSdt3-42903/version_1/lms_backend/src/routes/notifications.js
2026-02-24 07:05:24,025 - Knowledge - INFO - [LLM_CALL] Completed: enrollments.js:chunk1, Duration: 42500ms, PromptTokens: 2910, CompletionTokens: 305, Cost: $0.00041
2026-02-24 07:05:24,294 - Knowledge - INFO - Batch sizing: calculated=4, max_allowed=10, queue=5, active_workers=20/20
2026-02-24 07:05:24,625 - Knowledge - INFO - Fast-tracked /app/data/T0031/42903/b8539ai/LMSdt3-42903/COURSE_SYNC_IMPLEMENTATION.md (ext=.md, size=4159)
2026-02-24 07:05:24,762 - Knowledge - INFO - done ingest for /app/data/T0031/42903/b8539ai/LMSdt3-42903/version_1/lms_backend/src/routes/enrollments.js
2026-02-24 07:05:24,806 - Knowledge - INFO - Processing batch of 4 files
2026-02-24 07:05:24,947 - Knowledge - INFO - [LLM_CALL] Completed: index.js:chunk1, Duration: 39462ms, PromptTokens: 2958, CompletionTokens: 355, Cost: $0.00044
2026-02-24 07:05:25,090 - Knowledge - INFO - Worker kw2 processing /app/data/T0031/42903/b8539ai/LMSdt3-42903/ROLE_SELECTION_AND_UI_ENHANCEMENTS.md
2026-02-24 07:05:25,404 - Knowledge - INFO - process ingested knowledge for /app/data/T0031/42903/b8539ai/LMSdt3-42903/version_1/lms_backend/src/migrations/1700000000100-AddLessonAiFields.js
2026-02-24 07:05:25,622 - Knowledge - INFO - done ingest for /app/data/T0031/42903/b8539ai/LMSdt3-42903/version_1/lms_backend/src/routes/index.js
2026-02-24 07:05:25,884 - Knowledge - INFO - Fast-tracked /app/data/T0031/42903/b8539ai/LMSdt3-42903/ROLE_SELECTION_AND_UI_ENHANCEMENTS.md (ext=.md, size=5576)
2026-02-24 07:05:25,890 - Knowledge - INFO - Async storing batch of 4 embeddings
2026-02-24 07:05:25,930 - Knowledge - INFO - [WEBSOCKET] Sent: Type=progress_update, Size: 273, Duration: 34ms
2026-02-24 07:05:26,449 - Knowledge - INFO - Worker kw2 processing /app/data/T0031/42903/b8539ai/LMSdt3-42903/AI_MENTOR_FIX.md
2026-02-24 07:05:26,566 - Knowledge - INFO - Worker kw14 processing /app/data/T0031/42903/b8539ai/LMSdt3-42903/INSTRUCTOR_ACCESS_FIX.md
2026-02-24 07:05:26,674 - Knowledge - INFO - process ingested knowledge for /app/data/T0031/42903/b8539ai/LMSdt3-42903/version_1/lms_backend/src/migrations/1700000001200-AddHybridAuthFields.js
2026-02-24 07:05:26,690 - Knowledge - INFO - [kw16] Queue=1, InProgress=0, PendingWorkers=20/20, Completed=367/411 (89.3%)
2026-02-24 07:05:26,715 - Knowledge - INFO - [kw7] Queue=1, InProgress=0, PendingWorkers=20/20, Completed=367/411 (89.3%)
2026-02-24 07:05:26,725 - Knowledge - INFO - process ingested knowledge for /app/data/T0031/42903/b8539ai/LMSdt3-42903/version_1/lms_backend/src/migrations/1700000000500-AddUserStatusColumn.js
2026-02-24 07:05:26,747 - Knowledge - INFO - Processing batch of 4 files
2026-02-24 07:05:26,747 - Knowledge - INFO - [WEBSOCKET] Sent: Type=unknown, Size: ?, Duration: 851ms
2026-02-24 07:05:26,868 - Knowledge - INFO - Fast-tracked /app/data/T0031/42903/b8539ai/LMSdt3-42903/AI_MENTOR_FIX.md (ext=.md, size=1764)
2026-02-24 07:05:27,002 - Knowledge - INFO - Fast-tracked /app/data/T0031/42903/b8539ai/LMSdt3-42903/INSTRUCTOR_ACCESS_FIX.md (ext=.md, size=2060)
2026-02-24 07:05:27,253 - Knowledge - INFO - Batch sizing: calculated=1, max_allowed=10, queue=1, active_workers=20/20
2026-02-24 07:05:27,491 - Knowledge - INFO - Batch sizing: calculated=1, max_allowed=10, queue=1, active_workers=20/20
2026-02-24 07:05:27,795 - Knowledge - INFO - process ingested knowledge for /app/data/T0031/42903/b8539ai/LMSdt3-42903/version_1/lms_backend/MIGRATION_CONNECT_TROUBLESHOOTING.md
2026-02-24 07:05:28,038 - Knowledge - INFO - Progress: 88.8% | Files: 371/411 | Rate: 1.60 files/sec | Queue: 1
2026-02-24 07:05:28,065 - Knowledge - INFO - [LLM_CALL] Completed: progress.js:chunk1, Duration: 34731ms, PromptTokens: 3882, CompletionTokens: 366, Cost: $0.00053
2026-02-24 07:05:28,294 - Knowledge - INFO - Async storage completed for 4 embeddings
2026-02-24 07:05:28,359 - Knowledge - INFO - process ingested knowledge for /app/data/T0031/42903/b8539ai/LMSdt3-42903/version_1/lms_backend/src/typeorm-datasource.js
2026-02-24 07:05:28,500 - Knowledge - INFO - Worker kw14 processing /app/data/T0031/42903/b8539ai/LMSdt3-42903/SPRINT_BREAKDOWN.md
2026-02-24 07:05:28,510 - Knowledge - INFO - process ingested knowledge for /app/data/T0031/42903/b8539ai/LMSdt3-42903/version_1/lms_backend/src/migrations/1700000001000-AddPasswordResetFields.js
2026-02-24 07:05:29,210 - Knowledge - INFO - process ingested knowledge for /app/data/T0031/42903/b8539ai/LMSdt3-42903/version_1/lms_backend/RUN_MIGRATION.md
2026-02-24 07:05:29,560 - Knowledge - INFO - done ingest for /app/data/T0031/42903/b8539ai/LMSdt3-42903/version_1/lms_backend/src/routes/progress.js
2026-02-24 07:05:29,570 - Knowledge - INFO - [LLM_CALL] Completed: courseRequests.js:chunk1, Duration: 44084ms, PromptTokens: 4706, CompletionTokens: 438, Cost: $0.00065
2026-02-24 07:05:29,859 - Knowledge - INFO - process ingested knowledge for /app/data/T0031/42903/b8539ai/LMSdt3-42903/version_1/lms_backend/src/controllers/health.js
2026-02-24 07:05:29,999 - Knowledge - INFO - Fast-tracked /app/data/T0031/42903/b8539ai/LMSdt3-42903/SPRINT_BREAKDOWN.md (ext=.md, size=19097)
2026-02-24 07:05:30,250 - Knowledge - INFO - process ingested knowledge for /app/data/T0031/42903/b8539ai/LMSdt3-42903/version_1/lms_backend/README.md
2026-02-24 07:05:30,430 - Knowledge - INFO - done ingest for /app/data/T0031/42903/b8539ai/LMSdt3-42903/version_1/lms_backend/src/routes/courseRequests.js
2026-02-24 07:05:30,531 - Knowledge - INFO - Async storing batch of 4 embeddings
2026-02-24 07:05:30,560 - Knowledge - INFO - [LLM_CALL] Completed: lessons.js:chunk1, Duration: 45064ms, PromptTokens: 27134, CompletionTokens: 537, Cost: $0.00293
2026-02-24 07:05:30,699 - Knowledge - INFO - Worker kw14 processing /app/data/T0031/42903/b8539ai/LMSdt3-42903/FULL_STACK_SYNC_COMPLETE.md
2026-02-24 07:05:31,207 - Knowledge - INFO - Worker kw16 processing /app/data/T0031/42903/b8539ai/LMSdt3-42903/UI_ENHANCEMENT_SUMMARY.md
2026-02-24 07:05:31,377 - Knowledge - INFO - done ingest for /app/data/T0031/42903/b8539ai/LMSdt3-42903/version_1/lms_backend/src/routes/lessons.js
2026-02-24 07:05:31,394 - Knowledge - INFO - Processing batch of 4 files
2026-02-24 07:05:31,457 - Knowledge - INFO - [LLM_CALL] Completed: courses.js:chunk1, Duration: 31915ms, PromptTokens: 11938, CompletionTokens: 374, Cost: $0.00134
2026-02-24 07:05:31,544 - Knowledge - INFO - process ingested knowledge for /app/data/T0031/42903/b8539ai/LMSdt3-42903/version_1/lms_backend/swagger.js
2026-02-24 07:05:31,646 - Knowledge - INFO - Fast-tracked /app/data/T0031/42903/b8539ai/LMSdt3-42903/FULL_STACK_SYNC_COMPLETE.md (ext=.md, size=9480)
2026-02-24 07:05:31,704 - Knowledge - INFO - Fast-tracked /app/data/T0031/42903/b8539ai/LMSdt3-42903/UI_ENHANCEMENT_SUMMARY.md (ext=.md, size=6808)
2026-02-24 07:05:31,975 - Knowledge - INFO - process ingested knowledge for /app/data/T0031/42903/b8539ai/LMSdt3-42903/DASHBOARD_DATA_ISSUE_FIX.md
2026-02-24 07:05:32,089 - Knowledge - INFO - done ingest for /app/data/T0031/42903/b8539ai/LMSdt3-42903/version_1/lms_backend/src/routes/courses.js
2026-02-24 07:05:32,137 - Knowledge - INFO - Processing batch of 4 files
2026-02-24 07:05:32,148 - Knowledge - INFO - [WEBSOCKET] Sent: Type=progress_update, Size: 272, Duration: 20ms
2026-02-24 07:05:32,322 - Knowledge - INFO - Worker kw14 processing /app/data/T0031/42903/b8539ai/LMSdt3-42903/API_KEY_UPDATE_INSTRUCTIONS.md
2026-02-24 07:05:32,421 - Knowledge - INFO - Async storage completed for 4 embeddings
2026-02-24 07:05:32,864 - Knowledge - INFO - process ingested knowledge for /app/data/T0031/42903/b8539ai/LMSdt3-42903/version_1/lms_backend/MIGRATION_STATUS_FIX.md
2026-02-24 07:05:33,004 - Knowledge - INFO - [LLM_CALL] Completed: users.js:chunk1, Duration: 43045ms, PromptTokens: 8248, CompletionTokens: 548, Cost: $0.00104
2026-02-24 07:05:33,196 - Knowledge - INFO - Fast-tracked /app/data/T0031/42903/b8539ai/LMSdt3-42903/API_KEY_UPDATE_INSTRUCTIONS.md (ext=.md, size=1668)
2026-02-24 07:05:33,535 - Knowledge - INFO - done ingest for /app/data/T0031/42903/b8539ai/LMSdt3-42903/version_1/lms_backend/src/routes/users.js
2026-02-24 07:05:33,542 - Knowledge - INFO - [LLM_CALL] Completed: learnerAssignments.js:chunk1, Duration: 27405ms, PromptTokens: 5000, CompletionTokens: 288, Cost: $0.00062
2026-02-24 07:05:33,776 - Knowledge - INFO - Async storage completed for 4 embeddings
2026-02-24 07:05:33,973 - Knowledge - INFO - done ingest for /app/data/T0031/42903/b8539ai/LMSdt3-42903/version_1/lms_backend/src/routes/learnerAssignments.js
2026-02-24 07:05:34,054 - Knowledge - INFO - [WEBSOCKET] Sent: Type=unknown, Size: ?, Duration: 1925ms
2026-02-24 07:05:34,778 - Knowledge - INFO - Progress: 91.2% | Files: 380/411 | Rate: 1.60 files/sec | Queue: 0
2026-02-24 07:05:34,859 - Knowledge - INFO - process ingested knowledge for /app/data/T0031/42903/b8539ai/LMSdt3-42903/COURSE_SYNC_IMPLEMENTATION.md
2026-02-24 07:05:34,916 - Knowledge - INFO - Processing batch of 1 files
2026-02-24 07:05:34,980 - Knowledge - INFO - [LLM_CALL] Completed: instructor.js:chunk1, Duration: 43151ms, PromptTokens: 10334, CompletionTokens: 501, Cost: $0.00123
2026-02-24 07:05:35,427 - Knowledge - INFO - process ingested knowledge for /app/data/T0031/42903/b8539ai/LMSdt3-42903/version_1/lms_backend/eslint.config.js
2026-02-24 07:05:35,479 - Knowledge - INFO - process ingested knowledge for /app/data/T0031/42903/b8539ai/LMSdt3-42903/UI_ENHANCEMENT_SUMMARY.md
2026-02-24 07:05:35,546 - Knowledge - INFO - process ingested knowledge for /app/data/T0031/42903/b8539ai/LMSdt3-42903/ROLE_SELECTION_AND_UI_ENHANCEMENTS.md
2026-02-24 07:05:35,595 - Knowledge - INFO - done ingest for /app/data/T0031/42903/b8539ai/LMSdt3-42903/version_1/lms_backend/src/routes/instructor.js
2026-02-24 07:05:35,671 - Knowledge - INFO - Processing batch of 4 files
2026-02-24 07:05:36,026 - Knowledge - INFO - [WEBSOCKET] Sent: Type=progress_update, Size: 272, Duration: 0ms
2026-02-24 07:05:36,315 - Knowledge - INFO - process ingested knowledge for /app/data/T0031/42903/b8539ai/LMSdt3-42903/INSTRUCTOR_ACCESS_FIX.md
2026-02-24 07:05:36,501 - Knowledge - INFO - [WEBSOCKET] Sent: Type=unknown, Size: ?, Duration: 476ms
2026-02-24 07:05:36,513 - Knowledge - INFO - process ingested knowledge for /app/data/T0031/42903/b8539ai/LMSdt3-42903/version_1/lms_backend/ENV_AUDIT.md
2026-02-24 07:05:36,525 - Knowledge - INFO - process ingested knowledge for /app/data/T0031/42903/b8539ai/LMSdt3-42903/AI_MENTOR_FIX.md
2026-02-24 07:05:36,625 - Knowledge - INFO - process ingested knowledge for /app/data/T0031/42903/b8539ai/LMSdt3-42903/SPRINT_BREAKDOWN.md
2026-02-24 07:05:36,798 - Knowledge - INFO - Progress: 93.7% | Files: 390/411 | Rate: 1.61 files/sec | Queue: 0
2026-02-24 07:05:36,845 - Knowledge - INFO - Processing batch of 4 files
2026-02-24 07:05:36,904 - Knowledge - INFO - [LLM_CALL] Completed: recommendations.js:chunk1, Duration: 29088ms, PromptTokens: 2428, CompletionTokens: 314, Cost: $0.00037
2026-02-24 07:05:36,984 - Knowledge - INFO - process ingested knowledge for /app/data/T0031/42903/b8539ai/LMSdt3-42903/version_1/lms_backend/generate_openapi.js
2026-02-24 07:05:37,146 - Knowledge - INFO - process ingested knowledge for /app/data/T0031/42903/b8539ai/LMSdt3-42903/FULL_STACK_SYNC_COMPLETE.md
2026-02-24 07:05:37,335 - Knowledge - INFO - process ingested knowledge for /app/data/T0031/42903/b8539ai/LMSdt3-42903/version_1/lms_backend/src/migrations/1700000001300-CreateQuizzesAndQuizAttempts.js
2026-02-24 07:05:37,428 - Knowledge - INFO - done ingest for /app/data/T0031/42903/b8539ai/LMSdt3-42903/version_1/lms_backend/src/routes/recommendations.js
2026-02-24 07:05:37,428 - Knowledge - INFO - [LLM_CALL] Completed: calendar.js:chunk1, Duration: 37080ms, PromptTokens: 8994, CompletionTokens: 378, Cost: $0.00105
2026-02-24 07:05:37,626 - Knowledge - INFO - process ingested knowledge for /app/data/T0031/42903/b8539ai/LMSdt3-42903/API_KEY_UPDATE_INSTRUCTIONS.md
2026-02-24 07:05:37,747 - Knowledge - INFO - process ingested knowledge for /app/data/T0031/42903/b8539ai/LMSdt3-42903/version_1/lms_backend/src/migrations/1700000000400-CreateMediaMetadataTable.js
2026-02-24 07:05:37,884 - Knowledge - INFO - done ingest for /app/data/T0031/42903/b8539ai/LMSdt3-42903/version_1/lms_backend/src/routes/calendar.js
2026-02-24 07:05:37,899 - Knowledge - INFO - [LLM_CALL] Completed: app.js:chunk1, Duration: 52411ms, PromptTokens: 2462, CompletionTokens: 384, Cost: $0.00040
2026-02-24 07:05:38,435 - Knowledge - INFO - done ingest for /app/data/T0031/42903/b8539ai/LMSdt3-42903/version_1/lms_backend/src/app.js
2026-02-24 07:05:38,526 - Knowledge - INFO - Processing batch of 5 files
2026-02-24 07:05:38,596 - Knowledge - INFO - process ingested knowledge for /app/data/T0031/42903/b8539ai/LMSdt3-42903/version_1/lms_backend/src/migrations/1700000000000-InitUsersCoursesLessons.js
2026-02-24 07:05:38,602 - Knowledge - INFO - Processing batch of 4 files
2026-02-24 07:05:38,692 - Knowledge - INFO - [LLM_CALL] Completed: auth.js:chunk1, Duration: 42834ms, PromptTokens: 13882, CompletionTokens: 499, Cost: $0.00159
2026-02-24 07:05:38,808 - Knowledge - INFO - process ingested knowledge for /app/data/T0031/42903/b8539ai/LMSdt3-42903/version_1/lms_backend/scripts/verify-ai.js
2026-02-24 07:05:39,001 - Knowledge - INFO - process ingested knowledge for /app/data/T0031/42903/b8539ai/LMSdt3-42903/version_1/lms_backend/src/migrations/1700000000800-CreateAiQuizAttemptsTable.js
2026-02-24 07:05:39,051 - Knowledge - INFO - process ingested knowledge for /app/data/T0031/42903/b8539ai/LMSdt3-42903/version_1/lms_backend/src/routes/learnerDashboard.js
2026-02-24 07:05:39,171 - Knowledge - INFO - done ingest for /app/data/T0031/42903/b8539ai/LMSdt3-42903/version_1/lms_backend/src/routes/auth.js
2026-02-24 07:05:39,248 - Knowledge - INFO - Processing batch of 4 files
2026-02-24 07:05:39,467 - Knowledge - INFO - process ingested knowledge for /app/data/T0031/42903/b8539ai/LMSdt3-42903/version_1/lms_backend/scripts/create-admin-account.js
2026-02-24 07:05:39,600 - Knowledge - INFO - [LLM_CALL] Completed: ai.js:chunk1, Duration: 44823ms, PromptTokens: 13006, CompletionTokens: 397, Cost: $0.00146
2026-02-24 07:05:39,924 - Knowledge - INFO - process ingested knowledge for /app/data/T0031/42903/b8539ai/LMSdt3-42903/version_1/lms_backend/src/routes/index.js
2026-02-24 07:05:40,134 - Knowledge - INFO - done ingest for /app/data/T0031/42903/b8539ai/LMSdt3-42903/version_1/lms_backend/src/routes/ai.js
2026-02-24 07:05:40,136 - Knowledge - INFO - Processing batch of 5 files
2026-02-24 07:05:40,155 - Knowledge - INFO - process ingested knowledge for /app/data/T0031/42903/b8539ai/LMSdt3-42903/version_1/lms_backend/src/scripts/db-init.js
2026-02-24 07:05:40,521 - Knowledge - INFO - process ingested knowledge for /app/data/T0031/42903/b8539ai/LMSdt3-42903/version_1/lms_backend/src/routes/learningPath.js
2026-02-24 07:05:40,613 - Knowledge - INFO - done ingest for /app/data/T0031/42903/b8539ai/LMSdt3-42903/version_1/lms_backend/src/services/ai.js
2026-02-24 07:05:41,497 - Knowledge - INFO - process ingested knowledge for /app/data/T0031/42903/b8539ai/LMSdt3-42903/version_1/lms_backend/src/seeds/seed.js
2026-02-24 07:05:41,498 - Knowledge - INFO - process ingested knowledge for /app/data/T0031/42903/b8539ai/LMSdt3-42903/version_1/lms_backend/src/routes/activity.js
2026-02-24 07:05:41,799 - Knowledge - INFO - process ingested knowledge for /app/data/T0031/42903/b8539ai/LMSdt3-42903/version_1/lms_backend/src/routes/media.js
2026-02-24 07:05:41,810 - Knowledge - INFO - [WEBSOCKET] Sent: Type=progress_update, Size: 273, Duration: 0ms
2026-02-24 07:05:41,878 - Knowledge - INFO - process ingested knowledge for /app/data/T0031/42903/b8539ai/LMSdt3-42903/version_1/lms_backend/src/services/storage.js
2026-02-24 07:05:42,281 - Knowledge - INFO - [WEBSOCKET] Sent: Type=unknown, Size: ?, Duration: 472ms
2026-02-24 07:05:42,430 - Knowledge - INFO - process ingested knowledge for /app/data/T0031/42903/b8539ai/LMSdt3-42903/version_1/lms_backend/src/routes/courses.js
2026-02-24 07:05:42,452 - Knowledge - INFO - process ingested knowledge for /app/data/T0031/42903/b8539ai/LMSdt3-42903/version_1/lms_backend/src/routes/courseRequests.js
2026-02-24 07:05:42,584 - Knowledge - INFO - Progress: 97.6% | Files: 402/411 | Rate: 1.62 files/sec | Queue: 0
2026-02-24 07:05:42,899 - Knowledge - INFO - process ingested knowledge for /app/data/T0031/42903/b8539ai/LMSdt3-42903/version_1/lms_backend/src/routes/instructor.js
2026-02-24 07:05:42,935 - Knowledge - INFO - process ingested knowledge for /app/data/T0031/42903/b8539ai/LMSdt3-42903/version_1/lms_backend/src/routes/lessons.js
2026-02-24 07:05:42,984 - Knowledge - INFO - Processing batch of 4 files
2026-02-24 07:05:43,380 - Knowledge - INFO - process ingested knowledge for /app/data/T0031/42903/b8539ai/LMSdt3-42903/version_1/lms_backend/src/routes/learnerCertificates.js
2026-02-24 07:05:43,443 - Knowledge - INFO - process ingested knowledge for /app/data/T0031/42903/b8539ai/LMSdt3-42903/version_1/lms_backend/src/routes/notifications.js
2026-02-24 07:05:43,927 - Knowledge - INFO - process ingested knowledge for /app/data/T0031/42903/b8539ai/LMSdt3-42903/version_1/lms_backend/src/routes/learningProfile.js
2026-02-24 07:05:43,990 - Knowledge - INFO - process ingested knowledge for /app/data/T0031/42903/b8539ai/LMSdt3-42903/version_1/lms_backend/src/routes/quizzes.js
2026-02-24 07:05:43,990 - Knowledge - INFO - process ingested knowledge for /app/data/T0031/42903/b8539ai/LMSdt3-42903/version_1/lms_backend/src/routes/users.js
2026-02-24 07:05:44,292 - Knowledge - INFO - process ingested knowledge for /app/data/T0031/42903/b8539ai/LMSdt3-42903/version_1/lms_backend/src/server.js
2026-02-24 07:05:45,022 - Knowledge - INFO - process ingested knowledge for /app/data/T0031/42903/b8539ai/LMSdt3-42903/version_1/lms_backend/src/routes/auth.js
2026-02-24 07:05:45,037 - Knowledge - INFO - Processing batch of 5 files
2026-02-24 07:05:45,327 - Knowledge - INFO - process ingested knowledge for /app/data/T0031/42903/b8539ai/LMSdt3-42903/version_1/lms_backend/src/services/health.js
2026-02-24 07:05:45,548 - Knowledge - INFO - process ingested knowledge for /app/data/T0031/42903/b8539ai/LMSdt3-42903/version_1/lms_backend/src/routes/recommendations.js
2026-02-24 07:05:45,976 - Knowledge - INFO - process ingested knowledge for /app/data/T0031/42903/b8539ai/LMSdt3-42903/version_1/lms_backend/src/services/ai.js
2026-02-24 07:05:47,773 - Knowledge - INFO - process ingested knowledge for /app/data/T0031/42903/b8539ai/LMSdt3-42903/version_1/lms_backend/src/app.js
2026-02-24 07:05:49,383 - Knowledge - INFO - process ingested knowledge for /app/data/T0031/42903/b8539ai/LMSdt3-42903/version_1/lms_backend/src/routes/progress.js
2026-02-24 07:05:49,629 - Knowledge - INFO - process ingested knowledge for /app/data/T0031/42903/b8539ai/LMSdt3-42903/version_1/lms_backend/src/routes/learnerAssignments.js
2026-02-24 07:06:05,936 - Knowledge - WARNING - Timeout processing /app/data/T0031/42903/b8539ai/LMSdt3-42903/version_1/lms_backend/src/routes/learnerProgress.js after 90s - using fallback metadata
2026-02-24 07:06:06,194 - Knowledge - INFO - Processing batch of 4 files
2026-02-24 07:06:06,391 - Knowledge - INFO - process ingested knowledge for /app/data/T0031/42903/b8539ai/LMSdt3-42903/version_1/lms_backend/src/routes/enrollments.js
2026-02-24 07:06:06,563 - Knowledge - INFO - process ingested knowledge for /app/data/T0031/42903/b8539ai/LMSdt3-42903/version_1/lms_backend/src/routes/learnerProgress.js
2026-02-24 07:06:06,739 - Knowledge - INFO - process ingested knowledge for /app/data/T0031/42903/b8539ai/LMSdt3-42903/version_1/lms_backend/src/routes/ai.js
2026-02-24 07:06:06,926 - Knowledge - INFO - process ingested knowledge for /app/data/T0031/42903/b8539ai/LMSdt3-42903/version_1/lms_backend/src/routes/calendar.js
2026-02-24 07:06:07,504 - Knowledge - INFO - [WEBSOCKET] Sent: Type=progress_update, Size: 274, Duration: 0ms
2026-02-24 07:06:07,683 - Knowledge - INFO - [WEBSOCKET] Sent: Type=unknown, Size: ?, Duration: 179ms
2026-02-24 07:06:07,877 - Knowledge - INFO - Progress: 100.0% | Files: 411/411 | Rate: 1.50 files/sec | Queue: 0
2026-02-24 07:06:08,080 - Knowledge - INFO - Knowledge creation complete
2026-02-24 07:06:08,292 - Knowledge - INFO - ==================================================
2026-02-24 07:06:08,466 - Knowledge - INFO - KNOWLEDGE GRAPH GENERATION PERFORMANCE SUMMARY
2026-02-24 07:06:08,680 - Knowledge - INFO - ==================================================
2026-02-24 07:06:08,881 - Knowledge - INFO - Total processing time: 274.95 seconds (4.58 minutes)
2026-02-24 07:06:09,069 - Knowledge - INFO - Files processed: 0
2026-02-24 07:06:09,276 - Knowledge - INFO - Processing rate: 0.00 files/second
2026-02-24 07:06:09,462 - Knowledge - INFO - 
[TIME_BREAKDOWN]
2026-02-24 07:06:09,614 - Knowledge - INFO - File Reading: 0.00s (0.0%)
2026-02-24 07:06:09,826 - Knowledge - INFO - LLM Processing: 3345.32s (1216.7%)
2026-02-24 07:06:10,019 - Knowledge - INFO - MongoDB Operations: 0.00s (0.0%)
2026-02-24 07:06:10,203 - Knowledge - INFO - Redis Operations: 0.00s (0.0%)
2026-02-24 07:06:10,449 - Knowledge - INFO - WebSocket Communication: 21.07s (7.7%)
2026-02-24 07:06:10,604 - Knowledge - INFO - 
[LLM_STATS]
2026-02-24 07:06:10,768 - Knowledge - INFO - Total LLM calls: 104
2026-02-24 07:06:10,924 - Knowledge - INFO - Average LLM response time: 32167ms
2026-02-24 07:06:11,111 - Knowledge - INFO - Average prompt tokens: 5408.3
2026-02-24 07:06:11,274 - Knowledge - INFO - Average completion tokens: 348.8
2026-02-24 07:06:11,473 - Knowledge - INFO - Total prompt tokens: 562466
2026-02-24 07:06:11,680 - Knowledge - INFO - Total completion tokens: 36279
2026-02-24 07:06:11,857 - Knowledge - INFO - Total LLM cost: $0.0708
2026-02-24 07:06:12,094 - Knowledge - INFO - 
[DATABASE_STATS]
2026-02-24 07:06:12,262 - Knowledge - INFO - MongoDB operations: 0
2026-02-24 07:06:12,458 - Knowledge - INFO - Redis operations: 0
2026-02-24 07:06:12,631 - Knowledge - INFO - 
[COMMUNICATION_STATS]
2026-02-24 07:06:12,817 - Knowledge - INFO - WebSocket messages sent: 45
2026-02-24 07:06:12,993 - Knowledge - INFO - Average message size: 143.7 bytes
2026-02-24 07:06:13,190 - Knowledge - INFO - 
[WORKER_STATS]
2026-02-24 07:06:13,410 - Knowledge - INFO - 
[FILE_TYPE_STATS]
2026-02-24 07:06:13,579 - Knowledge - INFO - 
[SLOWEST_FILES]
2026-02-24 07:06:13,763 - Knowledge - INFO - ==================================================
2026-02-24 07:06:13,959 - Knowledge - INFO - ==================================================
2026-02-24 07:06:14,167 - Knowledge - INFO - KNOWLEDGE GRAPH GENERATION PERFORMANCE SUMMARY
2026-02-24 07:06:14,339 - Knowledge - INFO - ==================================================
2026-02-24 07:06:14,508 - Knowledge - INFO - Total processing time: 280.69 seconds (4.68 minutes)
2026-02-24 07:06:14,691 - Knowledge - INFO - Files processed: 411 of 411
2026-02-24 07:06:14,903 - Knowledge - INFO - Processing rate: 1.46 files/second
2026-02-24 07:06:15,090 - Knowledge - INFO - WebSocket messages sent: 22
2026-02-24 07:06:15,300 - Knowledge - INFO - MongoDB operations: 411
2026-02-24 07:06:15,479 - Knowledge - INFO - Average MongoDB ops per file: 1.00
2026-02-24 07:06:15,659 - Knowledge - INFO - LLM costs: $0.0844
2026-02-24 07:06:15,833 - Knowledge - INFO - Prompt tokens: 672166
2026-02-24 07:06:16,021 - Knowledge - INFO - Completion tokens: 42916
2026-02-24 07:06:16,174 - Knowledge - INFO - Updating org costs, total cost: 0.08438300000000001
2026-02-24 07:06:16,451 - Knowledge - INFO - [WEBSOCKET] Sent: Type=progress_update, Size: 268, Duration: 0ms
2026-02-24 07:06:16,669 - Knowledge - INFO - Saving knowledge to Redis...
2026-02-24 07:06:17,203 - Knowledge - INFO - Knowledge saved to Redis successfully
